Title,Dates
Bike the Bay,8/25/2024
San Diego Bayfair,9/13/2024
San Diego Bayfair,9/14/2024
San Diego Bayfair,9/15/2024
ENVZN24 Urban Art Takeover ,9/14/2024
USA Ultimate National Championships,10/24/2024
USA Ultimate National Championships,10/25/2024
USA Ultimate National Championships,10/26/2024
USA Ultimate National Championships,10/27/2024
CONCACAF W Gold Cup,2/21/2024
CONCACAF W Gold Cup,2/22/2024
CONCACAF W Gold Cup,2/23/2024
CONCACAF W Gold Cup,2/24/2024
CONCACAF W Gold Cup,2/25/2024
CONCACAF W Gold Cup,2/26/2024
CONCACAF W Gold Cup,2/27/2024
CONCACAF W Gold Cup,2/28/2024
CONCACAF W Gold Cup,2/29/2024
CONCACAF W Gold Cup,3/1/2024
CONCACAF W Gold Cup,3/2/2024
CONCACAF W Gold Cup,3/3/2024
CONCACAF W Gold Cup,3/4/2024
CONCACAF W Gold Cup,3/5/2024
CONCACAF W Gold Cup,3/6/2024
CONCACAF W Gold Cup,3/7/2024
CONCACAF W Gold Cup,3/8/2024
CONCACAF W Gold Cup,3/9/2024
CONCACAF W Gold Cup,3/10/2024
Fleet Week San Diego 2024,11/1/2024
Fleet Week San Diego 2024,11/2/2024
Fleet Week San Diego 2024,11/3/2024
Fleet Week San Diego 2024,11/4/2024
Fleet Week San Diego 2024,11/5/2024
Fleet Week San Diego 2024,11/6/2024
Fleet Week San Diego 2024,11/7/2024
Fleet Week San Diego 2024,11/8/2024
Fleet Week San Diego 2024,11/9/2024
Fleet Week San Diego 2024,11/10/2024
Fleet Week San Diego 2024,11/11/2024
San Diego International Auto Show,12/28/2024
San Diego International Auto Show,12/29/2024
San Diego International Auto Show,12/30/2024
San Diego International Auto Show,12/31/2024
San Diego International Auto Show,1/1/2025
San Diego Surf Film Festival,2/17/2024
San Diego Surf Film Festival,2/18/2024
San Diego Surf Film Festival,2/19/2024
Julian StarFest,8/2/2024
Julian StarFest,8/3/2024
Julian StarFest,8/4/2024
United States Police & Fire Championships,6/8/2024
United States Police & Fire Championships,6/9/2024
United States Police & Fire Championships,6/10/2024
United States Police & Fire Championships,6/11/2024
United States Police & Fire Championships,6/12/2024
United States Police & Fire Championships,6/13/2024
United States Police & Fire Championships,6/14/2024
United States Police & Fire Championships,6/15/2024
Coronado Island Film Festival,11/6/2024
Coronado Island Film Festival,11/7/2024
Coronado Island Film Festival,11/8/2024
Coronado Island Film Festival,11/9/2024
Coronado Island Film Festival,11/10/2024
Heart of PB Restaurant Walk,9/18/2024
WSL SAMBAZON Junior Championships,1/9/2024
WSL SAMBAZON Junior Championships,1/10/2024
WSL SAMBAZON Junior Championships,1/11/2024
WSL SAMBAZON Junior Championships,1/12/2024
WSL SAMBAZON Junior Championships,1/13/2024
WSL SAMBAZON Junior Championships,1/14/2024
Fallbrook Thanksgiving Day Turkey Trot,11/28/2024
The Spirit of the Fourth,7/4/2024
Dia de los Deftones,11/2/2024
The San Diego Smooth Jazz Festival,6/22/2024
The San Diego Smooth Jazz Festival,6/23/2024
Encinitas Holiday Parade,12/7/2024
Annual Luau and Legends of Surfing Invitational,8/24/2024
Annual Switchfoot BRO-AM,6/15/2024
Happy Hour,8/26/2024
Happy Hour,8/27/2024
OMBAC Classic Longboard Surfing Contest,9/21/2024
Asian Cultural Festival of San Diego,5/18/2024
Chauffeured Vineyards Adventures - All year round,11/12/2024
Chauffeured Vineyards Adventures - All year round,11/13/2024
Electric Bike/Train Coastal Tour,8/7/2024
Electric Bike/Train Coastal Tour,8/8/2024
"Silver Strand Half Marathon, 10 Miler & Veterans Day 5K",11/10/2024
Secret Society of Adultologists: Wonderland,7/22/2024
Secret Society of Adultologists: Wonderland,7/23/2024
Secret Society of Adultologists: Wonderland,7/24/2024
Secret Society of Adultologists: Wonderland,7/25/2024
Secret Society of Adultologists: Wonderland,7/26/2024
Secret Society of Adultologists: Wonderland,7/27/2024
Secret Society of Adultologists: Wonderland,7/28/2024
Secret Society of Adultologists: Wonderland,7/29/2024
Secret Society of Adultologists: Wonderland,7/30/2024
Secret Society of Adultologists: Wonderland,7/31/2024
Secret Society of Adultologists: Wonderland,8/1/2024
Secret Society of Adultologists: Wonderland,8/2/2024
Secret Society of Adultologists: Wonderland,8/3/2024
Secret Society of Adultologists: Wonderland,8/4/2024
Secret Society of Adultologists: Wonderland,8/5/2024
Secret Society of Adultologists: Wonderland,8/6/2024
Secret Society of Adultologists: Wonderland,8/7/2024
Secret Society of Adultologists: Wonderland,8/8/2024
Secret Society of Adultologists: Wonderland,8/9/2024
Secret Society of Adultologists: Wonderland,8/10/2024
Secret Society of Adultologists: Wonderland,8/11/2024
Secret Society of Adultologists: Wonderland,8/12/2024
Secret Society of Adultologists: Wonderland,8/13/2024
Secret Society of Adultologists: Wonderland,8/14/2024
Secret Society of Adultologists: Wonderland,8/15/2024
Secret Society of Adultologists: Wonderland,8/16/2024
Secret Society of Adultologists: Wonderland,8/17/2024
Secret Society of Adultologists: Wonderland,8/18/2024
Secret Society of Adultologists: Wonderland,8/19/2024
Secret Society of Adultologists: Wonderland,8/20/2024
Secret Society of Adultologists: Wonderland,8/21/2024
Secret Society of Adultologists: Wonderland,8/22/2024
Secret Society of Adultologists: Wonderland,8/23/2024
Secret Society of Adultologists: Wonderland,8/24/2024
Secret Society of Adultologists: Wonderland,8/25/2024
Secret Society of Adultologists: Wonderland,8/26/2024
Secret Society of Adultologists: Wonderland,8/27/2024
Secret Society of Adultologists: Wonderland,8/28/2024
Secret Society of Adultologists: Wonderland,8/29/2024
Secret Society of Adultologists: Wonderland,8/30/2024
Secret Society of Adultologists: Wonderland,8/31/2024
Secret Society of Adultologists: Wonderland,9/1/2024
Secret Society of Adultologists: Wonderland,9/2/2024
Secret Society of Adultologists: Wonderland,9/3/2024
Secret Society of Adultologists: Wonderland,9/4/2024
Secret Society of Adultologists: Wonderland,9/5/2024
Secret Society of Adultologists: Wonderland,9/6/2024
Secret Society of Adultologists: Wonderland,9/7/2024
Secret Society of Adultologists: Wonderland,9/8/2024
Secret Society of Adultologists: Wonderland,9/9/2024
Secret Society of Adultologists: Wonderland,9/10/2024
Secret Society of Adultologists: Wonderland,9/11/2024
Secret Society of Adultologists: Wonderland,9/12/2024
Secret Society of Adultologists: Wonderland,9/13/2024
Secret Society of Adultologists: Wonderland,9/14/2024
San Diego International Triathlon,6/23/2024
2024 Annual Taste of Encinitas,8/27/2024
"Carmel Valley Trail 5K, 10K and 15K",10/12/2024
Coronado Summer Concert Series,5/26/2024
Coronado Summer Concert Series,5/27/2024
An Old Fashioned Fourth of July & Fireworks,7/4/2024
Sycuan Pow-Wow,9/6/2024
Sycuan Pow-Wow,9/7/2024
Sycuan Pow-Wow,9/8/2024
Heiva San Diego,8/2/2024
Heiva San Diego,8/3/2024
Heiva San Diego,8/4/2024
Queen Bee Market,10/28/2024
Queen Bee Market,10/29/2024
El Cajon 4th of July Fireworks,7/4/2024
Little Italy Summer Film Festival,8/3/2024
Little Italy Summer Film Festival,8/4/2024
Little Italy Summer Film Festival,8/5/2024
Little Italy Summer Film Festival,8/6/2024
Little Italy Summer Film Festival,8/7/2024
Little Italy Summer Film Festival,8/8/2024
Little Italy Summer Film Festival,8/9/2024
Little Italy Summer Film Festival,8/10/2024
Little Italy Summer Film Festival,8/11/2024
Little Italy Summer Film Festival,8/12/2024
Little Italy Summer Film Festival,8/13/2024
Little Italy Summer Film Festival,8/14/2024
Little Italy Summer Film Festival,8/15/2024
Little Italy Summer Film Festival,8/16/2024
Little Italy Summer Film Festival,8/17/2024
Little Italy Summer Film Festival,8/18/2024
Little Italy Summer Film Festival,8/19/2024
Little Italy Summer Film Festival,8/20/2024
Little Italy Summer Film Festival,8/21/2024
Little Italy Summer Film Festival,8/22/2024
Little Italy Summer Film Festival,8/23/2024
Little Italy Summer Film Festival,8/24/2024
Little Italy Summer Film Festival,8/25/2024
Little Italy Summer Film Festival,8/26/2024
Little Italy Summer Film Festival,8/27/2024
Little Italy Summer Film Festival,8/28/2024
Little Italy Summer Film Festival,8/29/2024
Little Italy Summer Film Festival,8/30/2024
Little Italy Summer Film Festival,8/31/2024
"Brothels, Bites and Booze - Gaslamp Food Tour",10/22/2024
"Brothels, Bites and Booze - Gaslamp Food Tour",10/23/2024
San Diego Triathlon Challenge,11/3/2024
Cocktails & Karaoke,9/9/2024
Bike the Coast,11/2/2024
"Kaiser Permanente Thrive Half Marathon, 5K & Wish Walk Event ",11/2/2024
Hillcrest CityFest Street Fair,8/11/2024
"Red, White & Blue Salute at SeaWorld",11/9/2024
"Red, White & Blue Salute at SeaWorld",11/10/2024
"Red, White & Blue Salute at SeaWorld",11/11/2024
Summer Fun on the 101,6/22/2024
OB Holiday Parade,12/7/2024
Annual Pacific Islander Festival,9/21/2024
Annual Pacific Islander Festival,9/22/2024
HOME OF THE FAMOUS WINERY TRAIN TOUR OF SAN DIEGO,11/12/2024
HOME OF THE FAMOUS WINERY TRAIN TOUR OF SAN DIEGO,11/13/2024
PROPER NYE/NYD,12/31/2024
PROPER NYE/NYD,1/1/2025
San Diego Craft Brewery Tour,12/20/2024
San Diego Craft Brewery Tour,12/21/2024
SoCal Taco Fest,8/17/2024
Taste of Coronado,10/9/2024
Old Town Ghost Hunt & Paranormal Investigation,12/20/2024
Old Town Ghost Hunt & Paranormal Investigation,12/21/2024
Nightmare on Normal Street,10/26/2024
Cali Dreaming Tour of La Jolla & Pacific Beach,4/11/2024
Cali Dreaming Tour of La Jolla & Pacific Beach,4/12/2024
Adams Avenue Street Fair,9/21/2024
Adams Avenue Street Fair,9/22/2024
Taste of Adams Avenue,6/30/2024
Book your Holiday Party on a 60' Luxury Catamaran,11/7/2024
Book your Holiday Party on a 60' Luxury Catamaran,11/8/2024
Book your Holiday Party on a 60' Luxury Catamaran,11/9/2024
Book your Holiday Party on a 60' Luxury Catamaran,11/10/2024
Book your Holiday Party on a 60' Luxury Catamaran,11/11/2024
Book your Holiday Party on a 60' Luxury Catamaran,11/12/2024
Book your Holiday Party on a 60' Luxury Catamaran,11/13/2024
Book your Holiday Party on a 60' Luxury Catamaran,11/14/2024
Book your Holiday Party on a 60' Luxury Catamaran,11/15/2024
Book your Holiday Party on a 60' Luxury Catamaran,11/16/2024
Book your Holiday Party on a 60' Luxury Catamaran,11/17/2024
Book your Holiday Party on a 60' Luxury Catamaran,11/18/2024
Book your Holiday Party on a 60' Luxury Catamaran,11/19/2024
Book your Holiday Party on a 60' Luxury Catamaran,11/20/2024
Book your Holiday Party on a 60' Luxury Catamaran,11/21/2024
Book your Holiday Party on a 60' Luxury Catamaran,11/22/2024
Book your Holiday Party on a 60' Luxury Catamaran,11/23/2024
Book your Holiday Party on a 60' Luxury Catamaran,11/24/2024
Book your Holiday Party on a 60' Luxury Catamaran,11/25/2024
Book your Holiday Party on a 60' Luxury Catamaran,11/26/2024
Book your Holiday Party on a 60' Luxury Catamaran,11/27/2024
Book your Holiday Party on a 60' Luxury Catamaran,11/28/2024
Book your Holiday Party on a 60' Luxury Catamaran,11/29/2024
Book your Holiday Party on a 60' Luxury Catamaran,11/30/2024
Book your Holiday Party on a 60' Luxury Catamaran,12/1/2024
Book your Holiday Party on a 60' Luxury Catamaran,12/2/2024
Book your Holiday Party on a 60' Luxury Catamaran,12/3/2024
Book your Holiday Party on a 60' Luxury Catamaran,12/4/2024
Book your Holiday Party on a 60' Luxury Catamaran,12/5/2024
Book your Holiday Party on a 60' Luxury Catamaran,12/6/2024
Book your Holiday Party on a 60' Luxury Catamaran,12/7/2024
Book your Holiday Party on a 60' Luxury Catamaran,12/8/2024
Book your Holiday Party on a 60' Luxury Catamaran,12/9/2024
Book your Holiday Party on a 60' Luxury Catamaran,12/10/2024
Book your Holiday Party on a 60' Luxury Catamaran,12/11/2024
Book your Holiday Party on a 60' Luxury Catamaran,12/12/2024
Book your Holiday Party on a 60' Luxury Catamaran,12/13/2024
Book your Holiday Party on a 60' Luxury Catamaran,12/14/2024
Book your Holiday Party on a 60' Luxury Catamaran,12/15/2024
Book your Holiday Party on a 60' Luxury Catamaran,12/16/2024
Book your Holiday Party on a 60' Luxury Catamaran,12/17/2024
Book your Holiday Party on a 60' Luxury Catamaran,12/18/2024
Book your Holiday Party on a 60' Luxury Catamaran,12/19/2024
Book your Holiday Party on a 60' Luxury Catamaran,12/20/2024
Book your Holiday Party on a 60' Luxury Catamaran,12/21/2024
Book your Holiday Party on a 60' Luxury Catamaran,12/22/2024
Book your Holiday Party on a 60' Luxury Catamaran,12/23/2024
South Bay 24 Hour & South Bay Mini,8/17/2024
Old Town San Diego Fiestas Patrias,9/14/2024
San Diego Awesome '80s Run 5K & 10K,7/14/2024
San Diego Filipino Film Festival,10/1/2024
San Diego Filipino Film Festival,10/2/2024
San Diego Filipino Film Festival,10/3/2024
San Diego Filipino Film Festival,10/4/2024
San Diego Filipino Film Festival,10/5/2024
San Diego Filipino Film Festival,10/6/2024
Coastal Electric Bike Food Tour,8/5/2024
Coastal Electric Bike Food Tour,8/6/2024
Ocean Beach Kite Festival,5/18/2024
Oceanside Harbor Parade of Lights,12/14/2024
Escondido Grand Avenue Festival,10/20/2024
"Red, White & Boom",7/4/2024
Santee Salutes - Fourth of July Celebration,7/4/2024
59 Acres,7/8/2024
59 Acres,7/9/2024
Cardiff Greek Festival,9/7/2024
Cardiff Greek Festival,9/8/2024
Giro di San Diego GranFondo,6/8/2024
Oktoberfest in El Cajon,9/27/2024
Oktoberfest in El Cajon,9/28/2024
Oktoberfest in El Cajon,9/29/2024
Oktoberfest in El Cajon,9/30/2024
Oktoberfest in El Cajon,10/1/2024
Oktoberfest in El Cajon,10/2/2024
Oktoberfest in El Cajon,10/3/2024
Oktoberfest in El Cajon,10/4/2024
Oktoberfest in El Cajon,10/5/2024
Oktoberfest in El Cajon,10/6/2024
2024 Dia de los Muertos San Diego,11/2/2024
2024 Dia de los Muertos San Diego,11/3/2024
Coastal Christmas Del Mar,12/13/2024
Coastal Christmas Del Mar,12/14/2024
Coastal Christmas Del Mar,12/15/2024
Coastal Christmas Del Mar,12/16/2024
Coastal Christmas Del Mar,12/17/2024
Coastal Christmas Del Mar,12/18/2024
Coastal Christmas Del Mar,12/19/2024
Coastal Christmas Del Mar,12/20/2024
Coastal Christmas Del Mar,12/21/2024
Coastal Christmas Del Mar,12/22/2024
Coastal Christmas Del Mar,12/23/2024
Coastal Christmas Del Mar,12/24/2024
Coastal Christmas Del Mar,12/25/2024
Coastal Christmas Del Mar,12/26/2024
Ken Whalen Surf Challenge,9/8/2024
San Diego Wooden Boat Festival,6/15/2024
San Diego Wooden Boat Festival,6/16/2024
TGIF Concerts in the Park,6/21/2024
TGIF Concerts in the Park,6/22/2024
TGIF Concerts in the Park,6/23/2024
TGIF Concerts in the Park,6/24/2024
TGIF Concerts in the Park,6/25/2024
TGIF Concerts in the Park,6/26/2024
TGIF Concerts in the Park,6/27/2024
TGIF Concerts in the Park,6/28/2024
TGIF Concerts in the Park,6/29/2024
TGIF Concerts in the Park,6/30/2024
TGIF Concerts in the Park,7/1/2024
TGIF Concerts in the Park,7/2/2024
TGIF Concerts in the Park,7/3/2024
TGIF Concerts in the Park,7/4/2024
TGIF Concerts in the Park,7/5/2024
TGIF Concerts in the Park,7/6/2024
TGIF Concerts in the Park,7/7/2024
TGIF Concerts in the Park,7/8/2024
TGIF Concerts in the Park,7/9/2024
TGIF Concerts in the Park,7/10/2024
TGIF Concerts in the Park,7/11/2024
TGIF Concerts in the Park,7/12/2024
TGIF Concerts in the Park,7/13/2024
TGIF Concerts in the Park,7/14/2024
TGIF Concerts in the Park,7/15/2024
TGIF Concerts in the Park,7/16/2024
TGIF Concerts in the Park,7/17/2024
TGIF Concerts in the Park,7/18/2024
TGIF Concerts in the Park,7/19/2024
TGIF Concerts in the Park,7/20/2024
TGIF Concerts in the Park,7/21/2024
TGIF Concerts in the Park,7/22/2024
TGIF Concerts in the Park,7/23/2024
TGIF Concerts in the Park,7/24/2024
TGIF Concerts in the Park,7/25/2024
TGIF Concerts in the Park,7/26/2024
TGIF Concerts in the Park,7/27/2024
TGIF Concerts in the Park,7/28/2024
TGIF Concerts in the Park,7/29/2024
TGIF Concerts in the Park,7/30/2024
TGIF Concerts in the Park,7/31/2024
TGIF Concerts in the Park,8/1/2024
TGIF Concerts in the Park,8/2/2024
TGIF Concerts in the Park,8/3/2024
TGIF Concerts in the Park,8/4/2024
TGIF Concerts in the Park,8/5/2024
TGIF Concerts in the Park,8/6/2024
TGIF Concerts in the Park,8/7/2024
TGIF Concerts in the Park,8/8/2024
TGIF Concerts in the Park,8/9/2024
TGIF Concerts in the Park,8/10/2024
TGIF Concerts in the Park,8/11/2024
TGIF Concerts in the Park,8/12/2024
TGIF Concerts in the Park,8/13/2024
TGIF Concerts in the Park,8/14/2024
TGIF Concerts in the Park,8/15/2024
TGIF Concerts in the Park,8/16/2024
EŌS Fitness Tour De Cove,11/3/2024
Step-On Guide Services,8/19/2024
Step-On Guide Services,8/20/2024
Nissan Super Girl Surf Pro,9/20/2024
Nissan Super Girl Surf Pro,9/21/2024
Nissan Super Girl Surf Pro,9/22/2024
MCRD San Diego Bootcamp Challenge,10/19/2024
4th of July Run & Ride,7/4/2024
Bikes & Beer San Diego,11/16/2024
Makers Arcade Holiday Fair,12/6/2024
Makers Arcade Holiday Fair,12/7/2024
Makers Arcade Holiday Fair,12/8/2024
18th Annual LeucadiART Walk,8/25/2024
Mission Bayfest,9/27/2024
Mission Bayfest,9/28/2024
Mission Bayfest,9/29/2024
Old Town Fourth of July,7/4/2024
Annual Encinitas Dia de los Muertos Celebration,10/27/2024
Haunted Bus Tour: San Diego's Spooky Sites,12/20/2024
Haunted Bus Tour: San Diego's Spooky Sites,12/21/2024
The Haunted Trail of Balboa Park,9/27/2024
The Haunted Trail of Balboa Park,9/28/2024
The Haunted Trail of Balboa Park,9/29/2024
The Haunted Trail of Balboa Park,9/30/2024
The Haunted Trail of Balboa Park,10/1/2024
The Haunted Trail of Balboa Park,10/2/2024
The Haunted Trail of Balboa Park,10/3/2024
The Haunted Trail of Balboa Park,10/4/2024
The Haunted Trail of Balboa Park,10/5/2024
The Haunted Trail of Balboa Park,10/6/2024
The Haunted Trail of Balboa Park,10/7/2024
The Haunted Trail of Balboa Park,10/8/2024
The Haunted Trail of Balboa Park,10/9/2024
The Haunted Trail of Balboa Park,10/10/2024
The Haunted Trail of Balboa Park,10/11/2024
The Haunted Trail of Balboa Park,10/12/2024
The Haunted Trail of Balboa Park,10/13/2024
The Haunted Trail of Balboa Park,10/14/2024
The Haunted Trail of Balboa Park,10/15/2024
The Haunted Trail of Balboa Park,10/16/2024
The Haunted Trail of Balboa Park,10/17/2024
The Haunted Trail of Balboa Park,10/18/2024
The Haunted Trail of Balboa Park,10/19/2024
The Haunted Trail of Balboa Park,10/20/2024
The Haunted Trail of Balboa Park,10/21/2024
The Haunted Trail of Balboa Park,10/22/2024
The Haunted Trail of Balboa Park,10/23/2024
The Haunted Trail of Balboa Park,10/24/2024
The Haunted Trail of Balboa Park,10/25/2024
The Haunted Trail of Balboa Park,10/26/2024
The Haunted Trail of Balboa Park,10/27/2024
The Haunted Trail of Balboa Park,10/28/2024
The Haunted Trail of Balboa Park,10/29/2024
The Haunted Trail of Balboa Park,10/30/2024
The Haunted Trail of Balboa Park,10/31/2024
La Jolla Christmas Parade & Holiday Festival,12/8/2024
Oceanside Dia de los Muertos Festival,10/27/2024
Buffalo Alley 10K Trail Run,9/28/2024
Solento Surf Festival,9/14/2024
Solento Surf Festival,9/15/2024
Solento Surf Festival,9/16/2024
Solento Surf Festival,9/17/2024
Solento Surf Festival,9/18/2024
Solento Surf Festival,9/19/2024
Solento Surf Festival,9/20/2024
Solento Surf Festival,9/21/2024
San Diego Spirits Festival,10/19/2024
San Diego Spirits Festival,10/20/2024
26th Annual Barrio Logan Grand Prix ,6/15/2024
Coronado Rotary Club Low Tide Ride & Stride,6/23/2024
Summer Movies in the Park,5/24/2024
Summer Movies in the Park,5/25/2024
El Cajon Dinner and a Concert,5/3/2024
El Cajon Dinner and a Concert,5/4/2024
Bubble RUN San Diego,10/12/2024
Encinitas Oktoberfest & Artisan Faire,9/29/2024
Big Night San Diego New Year's Eve Gala,12/31/2024
Grand Baja Tour,12/20/2024
Grand Baja Tour,12/21/2024
Barrio Logan Dia de los Muertos,10/27/2024
Father Joe's Villages Thanksgiving Day 5K Run & Walk,11/28/2024
Marine Corps Mud Run Camp Pendleton,6/1/2024
Poway's Christmas in the Park,12/13/2024
Poway's Christmas in the Park,12/14/2024
Ocean Beach Oktoberfest,10/11/2024
Ocean Beach Oktoberfest,10/12/2024
2024 USA Surfing Championships,6/11/2024
2024 USA Surfing Championships,6/12/2024
2024 USA Surfing Championships,6/13/2024
2024 USA Surfing Championships,6/14/2024
2024 USA Surfing Championships,6/15/2024
Santee Summer Concert Series,6/13/2024
Santee Summer Concert Series,6/14/2024
Santee Summer Concert Series,6/15/2024
Santee Summer Concert Series,6/16/2024
Santee Summer Concert Series,6/17/2024
Santee Summer Concert Series,6/18/2024
Santee Summer Concert Series,6/19/2024
Santee Summer Concert Series,6/20/2024
Santee Summer Concert Series,6/21/2024
Santee Summer Concert Series,6/22/2024
Santee Summer Concert Series,6/23/2024
Santee Summer Concert Series,6/24/2024
Santee Summer Concert Series,6/25/2024
Santee Summer Concert Series,6/26/2024
Santee Summer Concert Series,6/27/2024
Santee Summer Concert Series,6/28/2024
Santee Summer Concert Series,6/29/2024
Santee Summer Concert Series,6/30/2024
Santee Summer Concert Series,7/1/2024
Santee Summer Concert Series,7/2/2024
Santee Summer Concert Series,7/3/2024
Santee Summer Concert Series,7/4/2024
Santee Summer Concert Series,7/5/2024
Santee Summer Concert Series,7/6/2024
Santee Summer Concert Series,7/7/2024
Santee Summer Concert Series,7/8/2024
Santee Summer Concert Series,7/9/2024
Santee Summer Concert Series,7/10/2024
Santee Summer Concert Series,7/11/2024
Santee Summer Concert Series,7/12/2024
Santee Summer Concert Series,7/13/2024
Santee Summer Concert Series,7/14/2024
Santee Summer Concert Series,7/15/2024
Santee Summer Concert Series,7/16/2024
Santee Summer Concert Series,7/17/2024
Santee Summer Concert Series,7/18/2024
Santee Summer Concert Series,7/19/2024
Santee Summer Concert Series,7/20/2024
Santee Summer Concert Series,7/21/2024
Santee Summer Concert Series,7/22/2024
Santee Summer Concert Series,7/23/2024
Santee Summer Concert Series,7/24/2024
Santee Summer Concert Series,7/25/2024
Santee Summer Concert Series,7/26/2024
Santee Summer Concert Series,7/27/2024
Santee Summer Concert Series,7/28/2024
Santee Summer Concert Series,7/29/2024
Santee Summer Concert Series,7/30/2024
Santee Summer Concert Series,7/31/2024
Santee Summer Concert Series,8/1/2024
Santee Summer Concert Series,8/2/2024
Santee Summer Concert Series,8/3/2024
Santee Summer Concert Series,8/4/2024
Santee Summer Concert Series,8/5/2024
Santee Summer Concert Series,8/6/2024
Santee Summer Concert Series,8/7/2024
Santee Summer Concert Series,8/8/2024
Santee Summer Concert Series,8/9/2024
Santee Summer Concert Series,8/10/2024
Santee Summer Concert Series,8/11/2024
Santee Summer Concert Series,8/12/2024
Santee Summer Concert Series,8/13/2024
Santee Summer Concert Series,8/14/2024
Santee Summer Concert Series,8/15/2024
Dirty December Poker Run,12/15/2024
City Heights Dia de los Muertos,11/2/2024
San Diego International Kids' Film Festival,8/23/2024
San Diego International Kids' Film Festival,8/24/2024
San Diego International Kids' Film Festival,8/25/2024
Mr. Jack O' Lanterns Pumpkin Patch,10/4/2024
Mr. Jack O' Lanterns Pumpkin Patch,10/5/2024
Mr. Jack O' Lanterns Pumpkin Patch,10/6/2024
Mr. Jack O' Lanterns Pumpkin Patch,10/7/2024
Mr. Jack O' Lanterns Pumpkin Patch,10/8/2024
Mr. Jack O' Lanterns Pumpkin Patch,10/9/2024
Mr. Jack O' Lanterns Pumpkin Patch,10/10/2024
Mr. Jack O' Lanterns Pumpkin Patch,10/11/2024
Mr. Jack O' Lanterns Pumpkin Patch,10/12/2024
Mr. Jack O' Lanterns Pumpkin Patch,10/13/2024
Mr. Jack O' Lanterns Pumpkin Patch,10/14/2024
Mr. Jack O' Lanterns Pumpkin Patch,10/15/2024
Mr. Jack O' Lanterns Pumpkin Patch,10/16/2024
Mr. Jack O' Lanterns Pumpkin Patch,10/17/2024
Mr. Jack O' Lanterns Pumpkin Patch,10/18/2024
Mr. Jack O' Lanterns Pumpkin Patch,10/19/2024
Mr. Jack O' Lanterns Pumpkin Patch,10/20/2024
Mr. Jack O' Lanterns Pumpkin Patch,10/21/2024
Mr. Jack O' Lanterns Pumpkin Patch,10/22/2024
Mr. Jack O' Lanterns Pumpkin Patch,10/23/2024
Mr. Jack O' Lanterns Pumpkin Patch,10/24/2024
Mr. Jack O' Lanterns Pumpkin Patch,10/25/2024
Mr. Jack O' Lanterns Pumpkin Patch,10/26/2024
Mr. Jack O' Lanterns Pumpkin Patch,10/27/2024
Mr. Jack O' Lanterns Pumpkin Patch,10/28/2024
Mr. Jack O' Lanterns Pumpkin Patch,10/29/2024
Mr. Jack O' Lanterns Pumpkin Patch,10/30/2024
Mr. Jack O' Lanterns Pumpkin Patch,10/31/2024
Kuumba Festival ,6/28/2024
Kuumba Festival ,6/29/2024
Kuumba Festival ,6/30/2024
Scripps Ranch 4th of July Parade,7/4/2024
San Diego Veteran's Day Parade,11/11/2024
Ride the Point Memorial Charity Bicycle Ride,11/9/2024
Half Day Electric Bike Tour,8/7/2024
Half Day Electric Bike Tour,8/8/2024
Hillcrest Pride,7/19/2024
University of San Diego Wine Classic,7/13/2024
Sherman Heights Dia de los Muertos,10/10/2024
Sherman Heights Dia de los Muertos,10/11/2024
Sherman Heights Dia de los Muertos,10/12/2024
Sherman Heights Dia de los Muertos,10/13/2024
Sherman Heights Dia de los Muertos,10/14/2024
Sherman Heights Dia de los Muertos,10/15/2024
Sherman Heights Dia de los Muertos,10/16/2024
Sherman Heights Dia de los Muertos,10/17/2024
Sherman Heights Dia de los Muertos,10/18/2024
Sherman Heights Dia de los Muertos,10/19/2024
Sherman Heights Dia de los Muertos,10/20/2024
Sherman Heights Dia de los Muertos,10/21/2024
Sherman Heights Dia de los Muertos,10/22/2024
Sherman Heights Dia de los Muertos,10/23/2024
Sherman Heights Dia de los Muertos,10/24/2024
Sherman Heights Dia de los Muertos,10/25/2024
Sherman Heights Dia de los Muertos,10/26/2024
Sherman Heights Dia de los Muertos,10/27/2024
Sherman Heights Dia de los Muertos,10/28/2024
Sherman Heights Dia de los Muertos,10/29/2024
Sherman Heights Dia de los Muertos,10/30/2024
Sherman Heights Dia de los Muertos,10/31/2024
Sherman Heights Dia de los Muertos,11/1/2024
Sherman Heights Dia de los Muertos,11/2/2024
Pupologie Cardiff Dog Days of Summer,7/21/2023
Pupologie Cardiff Dog Days of Summer,7/22/2023
Yoga on the Roof,9/23/2024
Yoga on the Roof,9/24/2024
Pacific BeachFest,10/5/2024
Nat Diego ,6/28/2024
Nat Diego ,6/29/2024
Valle de Guadalupe Wine Tour,12/20/2024
Valle de Guadalupe Wine Tour,12/21/2024
San Diego Bay Parade of Lights,12/8/2024
San Diego Bay Parade of Lights,12/9/2024
San Diego Bay Parade of Lights,12/10/2024
San Diego Bay Parade of Lights,12/11/2024
San Diego Bay Parade of Lights,12/12/2024
San Diego Bay Parade of Lights,12/13/2024
San Diego Bay Parade of Lights,12/14/2024
San Diego Bay Parade of Lights,12/15/2024
Senior Monday,4/8/2024
Senior Monday,4/9/2024
Black Pride,7/5/2024
Black Pride,7/6/2024
Black Pride,7/7/2024
Full Day Electric Bike Tour,8/7/2024
Full Day Electric Bike Tour,8/8/2024
USTA Billie Jean King Girls,8/3/2024
USTA Billie Jean King Girls,8/4/2024
USTA Billie Jean King Girls,8/5/2024
USTA Billie Jean King Girls,8/6/2024
USTA Billie Jean King Girls,8/7/2024
USTA Billie Jean King Girls,8/8/2024
USTA Billie Jean King Girls,8/9/2024
USTA Billie Jean King Girls,8/10/2024
USTA Billie Jean King Girls,8/11/2024
Poway Rodeo,9/27/2024
Poway Rodeo,9/28/2024
Vino! Vino! - Little Italy Wine Tour,10/11/2024
Vino! Vino! - Little Italy Wine Tour,10/12/2024
San Diego Holiday Half Marathon,12/14/2024
Viejas Outlet Center Ice Rink,11/1/2024
Viejas Outlet Center Ice Rink,11/2/2024
Viejas Outlet Center Ice Rink,11/3/2024
Viejas Outlet Center Ice Rink,11/4/2024
Viejas Outlet Center Ice Rink,11/5/2024
Viejas Outlet Center Ice Rink,11/6/2024
Viejas Outlet Center Ice Rink,11/7/2024
Viejas Outlet Center Ice Rink,11/8/2024
Viejas Outlet Center Ice Rink,11/9/2024
Viejas Outlet Center Ice Rink,11/10/2024
Viejas Outlet Center Ice Rink,11/11/2024
Viejas Outlet Center Ice Rink,11/12/2024
Viejas Outlet Center Ice Rink,11/13/2024
Viejas Outlet Center Ice Rink,11/14/2024
Viejas Outlet Center Ice Rink,11/15/2024
Viejas Outlet Center Ice Rink,11/16/2024
Viejas Outlet Center Ice Rink,11/17/2024
Viejas Outlet Center Ice Rink,11/18/2024
Viejas Outlet Center Ice Rink,11/19/2024
Viejas Outlet Center Ice Rink,11/20/2024
Viejas Outlet Center Ice Rink,11/21/2024
Viejas Outlet Center Ice Rink,11/22/2024
Viejas Outlet Center Ice Rink,11/23/2024
Viejas Outlet Center Ice Rink,11/24/2024
Viejas Outlet Center Ice Rink,11/25/2024
Viejas Outlet Center Ice Rink,11/26/2024
Viejas Outlet Center Ice Rink,11/27/2024
Viejas Outlet Center Ice Rink,11/28/2024
Viejas Outlet Center Ice Rink,11/29/2024
Viejas Outlet Center Ice Rink,11/30/2024
Viejas Outlet Center Ice Rink,12/1/2024
Viejas Outlet Center Ice Rink,12/2/2024
Viejas Outlet Center Ice Rink,12/3/2024
Viejas Outlet Center Ice Rink,12/4/2024
Viejas Outlet Center Ice Rink,12/5/2024
Viejas Outlet Center Ice Rink,12/6/2024
Viejas Outlet Center Ice Rink,12/7/2024
Viejas Outlet Center Ice Rink,12/8/2024
Viejas Outlet Center Ice Rink,12/9/2024
Viejas Outlet Center Ice Rink,12/10/2024
Viejas Outlet Center Ice Rink,12/11/2024
Viejas Outlet Center Ice Rink,12/12/2024
Viejas Outlet Center Ice Rink,12/13/2024
Viejas Outlet Center Ice Rink,12/14/2024
Viejas Outlet Center Ice Rink,12/15/2024
Viejas Outlet Center Ice Rink,12/16/2024
Viejas Outlet Center Ice Rink,12/17/2024
Viejas Outlet Center Ice Rink,12/18/2024
Viejas Outlet Center Ice Rink,12/19/2024
Viejas Outlet Center Ice Rink,12/20/2024
Viejas Outlet Center Ice Rink,12/21/2024
Viejas Outlet Center Ice Rink,12/22/2024
Viejas Outlet Center Ice Rink,12/23/2024
Viejas Outlet Center Ice Rink,12/24/2024
Viejas Outlet Center Ice Rink,12/25/2024
Viejas Outlet Center Ice Rink,12/26/2024
Viejas Outlet Center Ice Rink,12/27/2024
Viejas Outlet Center Ice Rink,12/28/2024
Viejas Outlet Center Ice Rink,12/29/2024
Viejas Outlet Center Ice Rink,12/30/2024
Viejas Outlet Center Ice Rink,12/31/2024
Viejas Outlet Center Ice Rink,1/1/2025
Viejas Outlet Center Ice Rink,1/2/2025
Viejas Outlet Center Ice Rink,1/3/2025
Viejas Outlet Center Ice Rink,1/4/2025
Viejas Outlet Center Ice Rink,1/5/2025
FilmOut San Diego LGBT Film Festival,9/12/2024
FilmOut San Diego LGBT Film Festival,9/13/2024
FilmOut San Diego LGBT Film Festival,9/14/2024
FilmOut San Diego LGBT Film Festival,9/15/2024
Red Nose Run,12/14/2024
SoCal Riviera Tour of La Jolla & Mount Soledad,4/11/2024
SoCal Riviera Tour of La Jolla & Mount Soledad,4/12/2024
Private Chauffeured Vineyards Adventure,10/11/2024
Private Chauffeured Vineyards Adventure,10/12/2024
Beyond Van Gogh: The Immersive Experience,1/26/2024
Beyond Van Gogh: The Immersive Experience,1/27/2024
Beyond Van Gogh: The Immersive Experience,1/28/2024
Beyond Van Gogh: The Immersive Experience,1/29/2024
Beyond Van Gogh: The Immersive Experience,1/30/2024
Beyond Van Gogh: The Immersive Experience,1/31/2024
Beyond Van Gogh: The Immersive Experience,2/1/2024
Beyond Van Gogh: The Immersive Experience,2/2/2024
Beyond Van Gogh: The Immersive Experience,2/3/2024
Beyond Van Gogh: The Immersive Experience,2/4/2024
Beyond Van Gogh: The Immersive Experience,2/5/2024
Beyond Van Gogh: The Immersive Experience,2/6/2024
Beyond Van Gogh: The Immersive Experience,2/7/2024
Beyond Van Gogh: The Immersive Experience,2/8/2024
Beyond Van Gogh: The Immersive Experience,2/9/2024
Beyond Van Gogh: The Immersive Experience,2/10/2024
Beyond Van Gogh: The Immersive Experience,2/11/2024
Beyond Van Gogh: The Immersive Experience,2/12/2024
Beyond Van Gogh: The Immersive Experience,2/13/2024
Beyond Van Gogh: The Immersive Experience,2/14/2024
Beyond Van Gogh: The Immersive Experience,2/15/2024
Beyond Van Gogh: The Immersive Experience,2/16/2024
Beyond Van Gogh: The Immersive Experience,2/17/2024
Beyond Van Gogh: The Immersive Experience,2/18/2024
Beyond Van Gogh: The Immersive Experience,2/19/2024
Beyond Van Gogh: The Immersive Experience,2/20/2024
Beyond Van Gogh: The Immersive Experience,2/21/2024
Beyond Van Gogh: The Immersive Experience,2/22/2024
Beyond Van Gogh: The Immersive Experience,2/23/2024
Beyond Van Gogh: The Immersive Experience,2/24/2024
Beyond Van Gogh: The Immersive Experience,2/25/2024
Beyond Van Gogh: The Immersive Experience,2/26/2024
Beyond Van Gogh: The Immersive Experience,2/27/2024
Beyond Van Gogh: The Immersive Experience,2/28/2024
Beyond Van Gogh: The Immersive Experience,2/29/2024
Beyond Van Gogh: The Immersive Experience,3/1/2024
Beyond Van Gogh: The Immersive Experience,3/2/2024
Beyond Van Gogh: The Immersive Experience,3/3/2024
Beyond Van Gogh: The Immersive Experience,3/4/2024
Beyond Van Gogh: The Immersive Experience,3/5/2024
Beyond Van Gogh: The Immersive Experience,3/6/2024
Beyond Van Gogh: The Immersive Experience,3/7/2024
Beyond Van Gogh: The Immersive Experience,3/8/2024
Beyond Van Gogh: The Immersive Experience,3/9/2024
Beyond Van Gogh: The Immersive Experience,3/10/2024
Beyond Van Gogh: The Immersive Experience,3/11/2024
Beyond Van Gogh: The Immersive Experience,3/12/2024
Beyond Van Gogh: The Immersive Experience,3/13/2024
Beyond Van Gogh: The Immersive Experience,3/14/2024
Beyond Van Gogh: The Immersive Experience,3/15/2024
Beyond Van Gogh: The Immersive Experience,3/16/2024
Beyond Van Gogh: The Immersive Experience,3/17/2024
Beyond Van Gogh: The Immersive Experience,3/18/2024
Beyond Van Gogh: The Immersive Experience,3/19/2024
Beyond Van Gogh: The Immersive Experience,3/20/2024
Beyond Van Gogh: The Immersive Experience,3/21/2024
Beyond Van Gogh: The Immersive Experience,3/22/2024
Beyond Van Gogh: The Immersive Experience,3/23/2024
Beyond Van Gogh: The Immersive Experience,3/24/2024
Beyond Van Gogh: The Immersive Experience,3/25/2024
Beyond Van Gogh: The Immersive Experience,3/26/2024
Beyond Van Gogh: The Immersive Experience,3/27/2024
Beyond Van Gogh: The Immersive Experience,3/28/2024
Beyond Van Gogh: The Immersive Experience,3/29/2024
Beyond Van Gogh: The Immersive Experience,3/30/2024
Beyond Van Gogh: The Immersive Experience,3/31/2024
Beyond Van Gogh: The Immersive Experience,4/1/2024
Beyond Van Gogh: The Immersive Experience,4/2/2024
Beyond Van Gogh: The Immersive Experience,4/3/2024
Beyond Van Gogh: The Immersive Experience,4/4/2024
52nd Annual Barona Powwow,8/30/2024
52nd Annual Barona Powwow,8/31/2024
52nd Annual Barona Powwow,9/1/2024
Ramona Rodeo,8/22/2024
Ramona Rodeo,8/23/2024
Ramona Rodeo,8/24/2024
San Diego Tequila Tour,9/30/2024
San Diego Tequila Tour,10/1/2024
Cornhole Sundays,8/19/2024
Cornhole Sundays,8/20/2024
Wild San Diego Film,11/22/2024
Wild San Diego Film,11/23/2024
Tiki Oasis - Trip to the Tropics ,7/31/2024
Tiki Oasis - Trip to the Tropics ,8/1/2024
Tiki Oasis - Trip to the Tropics ,8/2/2024
Tiki Oasis - Trip to the Tropics ,8/3/2024
Tiki Oasis - Trip to the Tropics ,8/4/2024
Oceanside Independence Day Parade,6/29/2024
America's Finest City Half Marathon & 5k,8/18/2024
Escondido VetFest Parade and Festival,11/11/2024
The Haunted Amusement Park,9/27/2024
The Haunted Amusement Park,9/28/2024
The Haunted Amusement Park,9/29/2024
The Haunted Amusement Park,9/30/2024
The Haunted Amusement Park,10/1/2024
The Haunted Amusement Park,10/2/2024
The Haunted Amusement Park,10/3/2024
The Haunted Amusement Park,10/4/2024
The Haunted Amusement Park,10/5/2024
The Haunted Amusement Park,10/6/2024
The Haunted Amusement Park,10/7/2024
The Haunted Amusement Park,10/8/2024
The Haunted Amusement Park,10/9/2024
The Haunted Amusement Park,10/10/2024
The Haunted Amusement Park,10/11/2024
The Haunted Amusement Park,10/12/2024
The Haunted Amusement Park,10/13/2024
The Haunted Amusement Park,10/14/2024
The Haunted Amusement Park,10/15/2024
The Haunted Amusement Park,10/16/2024
The Haunted Amusement Park,10/17/2024
The Haunted Amusement Park,10/18/2024
The Haunted Amusement Park,10/19/2024
The Haunted Amusement Park,10/20/2024
The Haunted Amusement Park,10/21/2024
The Haunted Amusement Park,10/22/2024
The Haunted Amusement Park,10/23/2024
The Haunted Amusement Park,10/24/2024
The Haunted Amusement Park,10/25/2024
The Haunted Amusement Park,10/26/2024
The Haunted Amusement Park,10/27/2024
The Haunted Amusement Park,10/28/2024
The Haunted Amusement Park,10/29/2024
The Haunted Amusement Park,10/30/2024
The Haunted Amusement Park,10/31/2024
Crown City Classic 4th of July Race,7/4/2024
HauntFest on Main,10/25/2024
SoNo Fest & Chili Cook-Off ,12/8/2024
Annual Fiesta de los Peñasquitos,5/11/2024
La Jolla Music Society SummerFest,7/26/2024
La Jolla Music Society SummerFest,7/27/2024
La Jolla Music Society SummerFest,7/28/2024
La Jolla Music Society SummerFest,7/29/2024
La Jolla Music Society SummerFest,7/30/2024
La Jolla Music Society SummerFest,7/31/2024
La Jolla Music Society SummerFest,8/1/2024
La Jolla Music Society SummerFest,8/2/2024
La Jolla Music Society SummerFest,8/3/2024
La Jolla Music Society SummerFest,8/4/2024
La Jolla Music Society SummerFest,8/5/2024
La Jolla Music Society SummerFest,8/6/2024
La Jolla Music Society SummerFest,8/7/2024
La Jolla Music Society SummerFest,8/8/2024
La Jolla Music Society SummerFest,8/9/2024
La Jolla Music Society SummerFest,8/10/2024
La Jolla Music Society SummerFest,8/11/2024
La Jolla Music Society SummerFest,8/12/2024
La Jolla Music Society SummerFest,8/13/2024
La Jolla Music Society SummerFest,8/14/2024
La Jolla Music Society SummerFest,8/15/2024
La Jolla Music Society SummerFest,8/16/2024
La Jolla Music Society SummerFest,8/17/2024
La Jolla Music Society SummerFest,8/18/2024
La Jolla Music Society SummerFest,8/19/2024
La Jolla Music Society SummerFest,8/20/2024
La Jolla Music Society SummerFest,8/21/2024
La Jolla Music Society SummerFest,8/22/2024
La Jolla Music Society SummerFest,8/23/2024
La Jolla Music Society SummerFest,8/24/2024
San Diego Tijuana International Jazz Festival,10/4/2024
San Diego Tijuana International Jazz Festival,10/5/2024
San Diego Tijuana International Jazz Festival,10/6/2024
Scripps Mesa Fireworks,7/3/2024
"Pizza, Pasta and Piazzas - Little Italy Food Tour",10/22/2024
"Pizza, Pasta and Piazzas - Little Italy Food Tour",10/23/2024
Las Posadas: An Old Town Celebration,12/13/2024
Solana Beach Triathlon,7/28/2024
Surftoberfest,9/21/2024
Gaslamp Haunted Walking Tour: Go Inside!,12/26/2024
Gaslamp Haunted Walking Tour: Go Inside!,12/27/2024
San Diego EarthFest,4/20/2024
Skating by the Sea®,11/21/2024
Skating by the Sea®,11/22/2024
Skating by the Sea®,11/23/2024
Skating by the Sea®,11/24/2024
Skating by the Sea®,11/25/2024
Skating by the Sea®,11/26/2024
Skating by the Sea®,11/27/2024
Skating by the Sea®,11/28/2024
Skating by the Sea®,11/29/2024
Skating by the Sea®,11/30/2024
Skating by the Sea®,12/1/2024
Skating by the Sea®,12/2/2024
Skating by the Sea®,12/3/2024
Skating by the Sea®,12/4/2024
Skating by the Sea®,12/5/2024
Skating by the Sea®,12/6/2024
Skating by the Sea®,12/7/2024
Skating by the Sea®,12/8/2024
Skating by the Sea®,12/9/2024
Skating by the Sea®,12/10/2024
Skating by the Sea®,12/11/2024
Skating by the Sea®,12/12/2024
Skating by the Sea®,12/13/2024
Skating by the Sea®,12/14/2024
Skating by the Sea®,12/15/2024
Skating by the Sea®,12/16/2024
Skating by the Sea®,12/17/2024
Skating by the Sea®,12/18/2024
Skating by the Sea®,12/19/2024
Skating by the Sea®,12/20/2024
Skating by the Sea®,12/21/2024
Skating by the Sea®,12/22/2024
Skating by the Sea®,12/23/2024
Skating by the Sea®,12/24/2024
Skating by the Sea®,12/25/2024
Skating by the Sea®,12/26/2024
Skating by the Sea®,12/27/2024
Skating by the Sea®,12/28/2024
Skating by the Sea®,12/29/2024
Skating by the Sea®,12/30/2024
Skating by the Sea®,12/31/2024
Skating by the Sea®,1/1/2025
Skating by the Sea®,1/2/2025
Skating by the Sea®,1/3/2025
Skating by the Sea®,1/4/2025
Skating by the Sea®,1/5/2025
Skating by the Sea®,1/6/2025
Skating by the Sea®,1/7/2025
Romantic Wine Tour - Available Year Round,10/8/2024
Romantic Wine Tour - Available Year Round,10/9/2024
"Sip, Savor and Sea - La Jolla Food Tour",10/11/2024
"Sip, Savor and Sea - La Jolla Food Tour",10/12/2024
Coronado 5K Turkey Trot,11/28/2024
Del Mar Summer Twilight Concerts,6/25/2024
Del Mar Summer Twilight Concerts,6/26/2024
Del Mar Summer Twilight Concerts,6/27/2024
Del Mar Summer Twilight Concerts,6/28/2024
Del Mar Summer Twilight Concerts,6/29/2024
Del Mar Summer Twilight Concerts,6/30/2024
Del Mar Summer Twilight Concerts,7/1/2024
Del Mar Summer Twilight Concerts,7/2/2024
Del Mar Summer Twilight Concerts,7/3/2024
Del Mar Summer Twilight Concerts,7/4/2024
Del Mar Summer Twilight Concerts,7/5/2024
Del Mar Summer Twilight Concerts,7/6/2024
Del Mar Summer Twilight Concerts,7/7/2024
Del Mar Summer Twilight Concerts,7/8/2024
Del Mar Summer Twilight Concerts,7/9/2024
Del Mar Summer Twilight Concerts,7/10/2024
Del Mar Summer Twilight Concerts,7/11/2024
Del Mar Summer Twilight Concerts,7/12/2024
Del Mar Summer Twilight Concerts,7/13/2024
Del Mar Summer Twilight Concerts,7/14/2024
Del Mar Summer Twilight Concerts,7/15/2024
Del Mar Summer Twilight Concerts,7/16/2024
Del Mar Summer Twilight Concerts,7/17/2024
Del Mar Summer Twilight Concerts,7/18/2024
Del Mar Summer Twilight Concerts,7/19/2024
Del Mar Summer Twilight Concerts,7/20/2024
Del Mar Summer Twilight Concerts,7/21/2024
Del Mar Summer Twilight Concerts,7/22/2024
Del Mar Summer Twilight Concerts,7/23/2024
Del Mar Summer Twilight Concerts,7/24/2024
Del Mar Summer Twilight Concerts,7/25/2024
Del Mar Summer Twilight Concerts,7/26/2024
Del Mar Summer Twilight Concerts,7/27/2024
Del Mar Summer Twilight Concerts,7/28/2024
Del Mar Summer Twilight Concerts,7/29/2024
Del Mar Summer Twilight Concerts,7/30/2024
Del Mar Summer Twilight Concerts,7/31/2024
Del Mar Summer Twilight Concerts,8/1/2024
Del Mar Summer Twilight Concerts,8/2/2024
Del Mar Summer Twilight Concerts,8/3/2024
Del Mar Summer Twilight Concerts,8/4/2024
Del Mar Summer Twilight Concerts,8/5/2024
Del Mar Summer Twilight Concerts,8/6/2024
Del Mar Summer Twilight Concerts,8/7/2024
Del Mar Summer Twilight Concerts,8/8/2024
Del Mar Summer Twilight Concerts,8/9/2024
Del Mar Summer Twilight Concerts,8/10/2024
Del Mar Summer Twilight Concerts,8/11/2024
Del Mar Summer Twilight Concerts,8/12/2024
Del Mar Summer Twilight Concerts,8/13/2024
La Jolla Art & Wine Festival,9/28/2024
La Jolla Art & Wine Festival,9/29/2024
Gaslamp Quarter History & Walking Tour,12/26/2024
Gaslamp Quarter History & Walking Tour,12/27/2024
Carlsbad Fall Village Faire,11/3/2024
Chefsgiving ,11/14/2024
Oceanside Fireworks Show,7/3/2024
More Than Pink Walk,11/3/2024
37th Annual XTERRA Wetsuits Mission Bay Triathlon,10/13/2024
Vista Independence Day Celebration,7/4/2024
Accessibility Mornings,4/20/2024
Accessibility Mornings,4/21/2024
New Year's Eve 2025 ,12/31/2024
Southern California Beach Soccer Championships,6/21/2024
Southern California Beach Soccer Championships,6/22/2024
Southern California Beach Soccer Championships,6/23/2024
"Tequila, Tacos, and Tombstones -Old Town Food Tour",10/22/2024
"Tequila, Tacos, and Tombstones -Old Town Food Tour",10/23/2024
Encinitas Holiday Street Fair,11/24/2024
Veterans Day Boat Parade,11/11/2024
Sundays at Six Concerts,6/23/2024
Sundays at Six Concerts,6/24/2024
Sundays at Six Concerts,6/25/2024
Sundays at Six Concerts,6/26/2024
Sundays at Six Concerts,6/27/2024
Sundays at Six Concerts,6/28/2024
Sundays at Six Concerts,6/29/2024
Sundays at Six Concerts,6/30/2024
Sundays at Six Concerts,7/1/2024
Sundays at Six Concerts,7/2/2024
Sundays at Six Concerts,7/3/2024
Sundays at Six Concerts,7/4/2024
Sundays at Six Concerts,7/5/2024
Sundays at Six Concerts,7/6/2024
Sundays at Six Concerts,7/7/2024
Sundays at Six Concerts,7/8/2024
Sundays at Six Concerts,7/9/2024
Sundays at Six Concerts,7/10/2024
Sundays at Six Concerts,7/11/2024
Sundays at Six Concerts,7/12/2024
Sundays at Six Concerts,7/13/2024
Sundays at Six Concerts,7/14/2024
Sundays at Six Concerts,7/15/2024
Sundays at Six Concerts,7/16/2024
Sundays at Six Concerts,7/17/2024
Sundays at Six Concerts,7/18/2024
Sundays at Six Concerts,7/19/2024
Sundays at Six Concerts,7/20/2024
Sundays at Six Concerts,7/21/2024
Sundays at Six Concerts,7/22/2024
Sundays at Six Concerts,7/23/2024
Sundays at Six Concerts,7/24/2024
Sundays at Six Concerts,7/25/2024
Sundays at Six Concerts,7/26/2024
Sundays at Six Concerts,7/27/2024
Sundays at Six Concerts,7/28/2024
Chula Vista Starlight Parade & Festival,12/14/2024
Surf Dog Surf-a-Thon,9/8/2024
Rancho BEERnardo Festival,10/19/2024
O'side Turkey Trot,11/28/2024
Lake Murray Fireworks and Musicfest,7/4/2024
Old Town History Tour: San Diego's Beginnings,12/20/2024
Old Town History Tour: San Diego's Beginnings,12/21/2024
Annual Festa do Espirito Santo,5/17/2024
Annual Festa do Espirito Santo,5/18/2024
Annual Festa do Espirito Santo,5/19/2024
Carlsbad Oktoberfest,10/5/2024
San Diego Greek Festival,6/8/2024
San Diego Greek Festival,6/9/2024
Joker Halloween Party Cruise,11/2/2024
University Heights Summer in the Park,7/5/2024
University Heights Summer in the Park,7/6/2024
University Heights Summer in the Park,7/7/2024
University Heights Summer in the Park,7/8/2024
University Heights Summer in the Park,7/9/2024
University Heights Summer in the Park,7/10/2024
University Heights Summer in the Park,7/11/2024
University Heights Summer in the Park,7/12/2024
University Heights Summer in the Park,7/13/2024
University Heights Summer in the Park,7/14/2024
University Heights Summer in the Park,7/15/2024
University Heights Summer in the Park,7/16/2024
University Heights Summer in the Park,7/17/2024
University Heights Summer in the Park,7/18/2024
University Heights Summer in the Park,7/19/2024
University Heights Summer in the Park,7/20/2024
University Heights Summer in the Park,7/21/2024
University Heights Summer in the Park,7/22/2024
University Heights Summer in the Park,7/23/2024
University Heights Summer in the Park,7/24/2024
University Heights Summer in the Park,7/25/2024
University Heights Summer in the Park,7/26/2024
University Heights Summer in the Park,7/27/2024
University Heights Summer in the Park,7/28/2024
University Heights Summer in the Park,7/29/2024
University Heights Summer in the Park,7/30/2024
University Heights Summer in the Park,7/31/2024
University Heights Summer in the Park,8/1/2024
University Heights Summer in the Park,8/2/2024
Black Pearl Halloween Yacht Party ,10/26/2024
La Mesa Oktoberfest,10/4/2024
La Mesa Oktoberfest,10/5/2024
La Mesa Oktoberfest,10/6/2024
Holiday in the Village,12/14/2024
Independence Day Fireworks in Imperial Beach,7/4/2024
Annual San Diego Scottish Highland Games,6/22/2024
Annual San Diego Scottish Highland Games,6/23/2024
Día de los Muertos at SeaWorld San Diego,11/1/2024
Día de los Muertos at SeaWorld San Diego,11/2/2024
Día de los Muertos at SeaWorld San Diego,11/3/2024
Velour: A Drag Spectacular at La Jolla Playhouse,8/13/2024
Velour: A Drag Spectacular at La Jolla Playhouse,8/14/2024
Velour: A Drag Spectacular at La Jolla Playhouse,8/15/2024
Velour: A Drag Spectacular at La Jolla Playhouse,8/16/2024
Velour: A Drag Spectacular at La Jolla Playhouse,8/17/2024
Velour: A Drag Spectacular at La Jolla Playhouse,8/18/2024
Velour: A Drag Spectacular at La Jolla Playhouse,8/19/2024
Velour: A Drag Spectacular at La Jolla Playhouse,8/20/2024
Velour: A Drag Spectacular at La Jolla Playhouse,8/21/2024
Velour: A Drag Spectacular at La Jolla Playhouse,8/22/2024
Velour: A Drag Spectacular at La Jolla Playhouse,8/23/2024
Velour: A Drag Spectacular at La Jolla Playhouse,8/24/2024
Velour: A Drag Spectacular at La Jolla Playhouse,8/25/2024
Velour: A Drag Spectacular at La Jolla Playhouse,8/26/2024
Velour: A Drag Spectacular at La Jolla Playhouse,8/27/2024
Velour: A Drag Spectacular at La Jolla Playhouse,8/28/2024
Velour: A Drag Spectacular at La Jolla Playhouse,8/29/2024
Velour: A Drag Spectacular at La Jolla Playhouse,8/30/2024
Velour: A Drag Spectacular at La Jolla Playhouse,8/31/2024
Velour: A Drag Spectacular at La Jolla Playhouse,9/1/2024
Velour: A Drag Spectacular at La Jolla Playhouse,9/2/2024
Velour: A Drag Spectacular at La Jolla Playhouse,9/3/2024
Velour: A Drag Spectacular at La Jolla Playhouse,9/4/2024
Velour: A Drag Spectacular at La Jolla Playhouse,9/5/2024
Velour: A Drag Spectacular at La Jolla Playhouse,9/6/2024
Velour: A Drag Spectacular at La Jolla Playhouse,9/7/2024
Velour: A Drag Spectacular at La Jolla Playhouse,9/8/2024
Velour: A Drag Spectacular at La Jolla Playhouse,9/9/2024
Velour: A Drag Spectacular at La Jolla Playhouse,9/10/2024
Velour: A Drag Spectacular at La Jolla Playhouse,9/11/2024
Velour: A Drag Spectacular at La Jolla Playhouse,9/12/2024
Velour: A Drag Spectacular at La Jolla Playhouse,9/13/2024
Velour: A Drag Spectacular at La Jolla Playhouse,9/14/2024
Velour: A Drag Spectacular at La Jolla Playhouse,9/15/2024
Nature Collective's Fall Festival,10/13/2024
Bike the Bay,8/25/2025
San Diego Bayfair,9/13/2025
San Diego Bayfair,9/14/2025
San Diego Bayfair,9/15/2025
ENVZN24 Urban Art Takeover ,9/14/2025
USA Ultimate National Championships,10/24/2025
USA Ultimate National Championships,10/25/2025
USA Ultimate National Championships,10/26/2025
USA Ultimate National Championships,10/27/2025
CONCACAF W Gold Cup,2/21/2025
CONCACAF W Gold Cup,2/22/2025
CONCACAF W Gold Cup,2/23/2025
CONCACAF W Gold Cup,2/24/2025
CONCACAF W Gold Cup,2/25/2025
CONCACAF W Gold Cup,2/26/2025
CONCACAF W Gold Cup,2/27/2025
CONCACAF W Gold Cup,2/28/2025
CONCACAF W Gold Cup,2/29/2025
CONCACAF W Gold Cup,3/1/2025
CONCACAF W Gold Cup,3/2/2025
CONCACAF W Gold Cup,3/3/2025
CONCACAF W Gold Cup,3/4/2025
CONCACAF W Gold Cup,3/5/2025
CONCACAF W Gold Cup,3/6/2025
CONCACAF W Gold Cup,3/7/2025
CONCACAF W Gold Cup,3/8/2025
CONCACAF W Gold Cup,3/9/2025
CONCACAF W Gold Cup,3/10/2025
Fleet Week San Diego 2025,11/1/2025
Fleet Week San Diego 2025,11/2/2025
Fleet Week San Diego 2025,11/3/2025
Fleet Week San Diego 2025,11/4/2025
Fleet Week San Diego 2025,11/5/2025
Fleet Week San Diego 2025,11/6/2025
Fleet Week San Diego 2025,11/7/2025
Fleet Week San Diego 2025,11/8/2025
Fleet Week San Diego 2025,11/9/2025
Fleet Week San Diego 2025,11/10/2025
Fleet Week San Diego 2025,11/11/2025
San Diego International Auto Show,12/28/2025
San Diego International Auto Show,12/29/2025
San Diego International Auto Show,12/30/2025
San Diego International Auto Show,12/31/2025
San Diego International Auto Show,1/1/2026
San Diego Surf Film Festival,2/17/2025
San Diego Surf Film Festival,2/18/2025
San Diego Surf Film Festival,2/19/2025
Julian StarFest,8/2/2025
Julian StarFest,8/3/2025
Julian StarFest,8/4/2025
United States Police & Fire Championships,6/8/2025
United States Police & Fire Championships,6/9/2025
United States Police & Fire Championships,6/10/2025
United States Police & Fire Championships,6/11/2025
United States Police & Fire Championships,6/12/2025
United States Police & Fire Championships,6/13/2025
United States Police & Fire Championships,6/14/2025
United States Police & Fire Championships,6/15/2025
Coronado Island Film Festival,11/6/2025
Coronado Island Film Festival,11/7/2025
Coronado Island Film Festival,11/8/2025
Coronado Island Film Festival,11/9/2025
Coronado Island Film Festival,11/10/2025
Heart of PB Restaurant Walk,9/18/2025
WSL SAMBAZON Junior Championships,1/9/2025
WSL SAMBAZON Junior Championships,1/10/2025
WSL SAMBAZON Junior Championships,1/11/2025
WSL SAMBAZON Junior Championships,1/12/2025
WSL SAMBAZON Junior Championships,1/13/2025
WSL SAMBAZON Junior Championships,1/14/2025
Fallbrook Thanksgiving Day Turkey Trot,11/28/2025
The Spirit of the Fourth,7/4/2025
Dia de los Deftones,11/2/2025
The San Diego Smooth Jazz Festival,6/22/2025
The San Diego Smooth Jazz Festival,6/23/2025
Encinitas Holiday Parade,12/7/2025
Annual Luau and Legends of Surfing Invitational,8/24/2025
Annual Switchfoot BRO-AM,6/15/2025
Happy Hour,8/26/2025
Happy Hour,8/27/2025
OMBAC Classic Longboard Surfing Contest,9/21/2025
Asian Cultural Festival of San Diego,5/18/2025
Chauffeured Vineyards Adventures - All year round,11/12/2025
Chauffeured Vineyards Adventures - All year round,11/13/2025
Electric Bike/Train Coastal Tour,8/7/2025
Electric Bike/Train Coastal Tour,8/8/2025
"Silver Strand Half Marathon, 10 Miler & Veterans Day 5K",11/10/2025
Secret Society of Adultologists: Wonderland,7/22/2025
Secret Society of Adultologists: Wonderland,7/23/2025
Secret Society of Adultologists: Wonderland,7/24/2025
Secret Society of Adultologists: Wonderland,7/25/2025
Secret Society of Adultologists: Wonderland,7/26/2025
Secret Society of Adultologists: Wonderland,7/27/2025
Secret Society of Adultologists: Wonderland,7/28/2025
Secret Society of Adultologists: Wonderland,7/29/2025
Secret Society of Adultologists: Wonderland,7/30/2025
Secret Society of Adultologists: Wonderland,7/31/2025
Secret Society of Adultologists: Wonderland,8/1/2025
Secret Society of Adultologists: Wonderland,8/2/2025
Secret Society of Adultologists: Wonderland,8/3/2025
Secret Society of Adultologists: Wonderland,8/4/2025
Secret Society of Adultologists: Wonderland,8/5/2025
Secret Society of Adultologists: Wonderland,8/6/2025
Secret Society of Adultologists: Wonderland,8/7/2025
Secret Society of Adultologists: Wonderland,8/8/2025
Secret Society of Adultologists: Wonderland,8/9/2025
Secret Society of Adultologists: Wonderland,8/10/2025
Secret Society of Adultologists: Wonderland,8/11/2025
Secret Society of Adultologists: Wonderland,8/12/2025
Secret Society of Adultologists: Wonderland,8/13/2025
Secret Society of Adultologists: Wonderland,8/14/2025
Secret Society of Adultologists: Wonderland,8/15/2025
Secret Society of Adultologists: Wonderland,8/16/2025
Secret Society of Adultologists: Wonderland,8/17/2025
Secret Society of Adultologists: Wonderland,8/18/2025
Secret Society of Adultologists: Wonderland,8/19/2025
Secret Society of Adultologists: Wonderland,8/20/2025
Secret Society of Adultologists: Wonderland,8/21/2025
Secret Society of Adultologists: Wonderland,8/22/2025
Secret Society of Adultologists: Wonderland,8/23/2025
Secret Society of Adultologists: Wonderland,8/24/2025
Secret Society of Adultologists: Wonderland,8/25/2025
Secret Society of Adultologists: Wonderland,8/26/2025
Secret Society of Adultologists: Wonderland,8/27/2025
Secret Society of Adultologists: Wonderland,8/28/2025
Secret Society of Adultologists: Wonderland,8/29/2025
Secret Society of Adultologists: Wonderland,8/30/2025
Secret Society of Adultologists: Wonderland,8/31/2025
Secret Society of Adultologists: Wonderland,9/1/2025
Secret Society of Adultologists: Wonderland,9/2/2025
Secret Society of Adultologists: Wonderland,9/3/2025
Secret Society of Adultologists: Wonderland,9/4/2025
Secret Society of Adultologists: Wonderland,9/5/2025
Secret Society of Adultologists: Wonderland,9/6/2025
Secret Society of Adultologists: Wonderland,9/7/2025
Secret Society of Adultologists: Wonderland,9/8/2025
Secret Society of Adultologists: Wonderland,9/9/2025
Secret Society of Adultologists: Wonderland,9/10/2025
Secret Society of Adultologists: Wonderland,9/11/2025
Secret Society of Adultologists: Wonderland,9/12/2025
Secret Society of Adultologists: Wonderland,9/13/2025
Secret Society of Adultologists: Wonderland,9/14/2025
San Diego International Triathlon,6/23/2025
2025 Annual Taste of Encinitas,8/27/2025
"Carmel Valley Trail 5K, 10K and 15K",10/12/2025
Coronado Summer Concert Series,5/26/2025
Coronado Summer Concert Series,5/27/2025
An Old Fashioned Fourth of July & Fireworks,7/4/2025
Sycuan Pow-Wow,9/6/2025
Sycuan Pow-Wow,9/7/2025
Sycuan Pow-Wow,9/8/2025
Heiva San Diego,8/2/2025
Heiva San Diego,8/3/2025
Heiva San Diego,8/4/2025
Queen Bee Market,10/28/2025
Queen Bee Market,10/29/2025
El Cajon 4th of July Fireworks,7/4/2025
Little Italy Summer Film Festival,8/3/2025
Little Italy Summer Film Festival,8/4/2025
Little Italy Summer Film Festival,8/5/2025
Little Italy Summer Film Festival,8/6/2025
Little Italy Summer Film Festival,8/7/2025
Little Italy Summer Film Festival,8/8/2025
Little Italy Summer Film Festival,8/9/2025
Little Italy Summer Film Festival,8/10/2025
Little Italy Summer Film Festival,8/11/2025
Little Italy Summer Film Festival,8/12/2025
Little Italy Summer Film Festival,8/13/2025
Little Italy Summer Film Festival,8/14/2025
Little Italy Summer Film Festival,8/15/2025
Little Italy Summer Film Festival,8/16/2025
Little Italy Summer Film Festival,8/17/2025
Little Italy Summer Film Festival,8/18/2025
Little Italy Summer Film Festival,8/19/2025
Little Italy Summer Film Festival,8/20/2025
Little Italy Summer Film Festival,8/21/2025
Little Italy Summer Film Festival,8/22/2025
Little Italy Summer Film Festival,8/23/2025
Little Italy Summer Film Festival,8/24/2025
Little Italy Summer Film Festival,8/25/2025
Little Italy Summer Film Festival,8/26/2025
Little Italy Summer Film Festival,8/27/2025
Little Italy Summer Film Festival,8/28/2025
Little Italy Summer Film Festival,8/29/2025
Little Italy Summer Film Festival,8/30/2025
Little Italy Summer Film Festival,8/31/2025
"Brothels, Bites and Booze - Gaslamp Food Tour",10/22/2025
"Brothels, Bites and Booze - Gaslamp Food Tour",10/23/2025
San Diego Triathlon Challenge,11/3/2025
Cocktails & Karaoke,9/9/2025
Bike the Coast,11/2/2025
"Kaiser Permanente Thrive Half Marathon, 5K & Wish Walk Event ",11/2/2025
Hillcrest CityFest Street Fair,8/11/2025
"Red, White & Blue Salute at SeaWorld",11/9/2025
"Red, White & Blue Salute at SeaWorld",11/10/2025
"Red, White & Blue Salute at SeaWorld",11/11/2025
Summer Fun on the 101,6/22/2025
OB Holiday Parade,12/7/2025
Annual Pacific Islander Festival,9/21/2025
Annual Pacific Islander Festival,9/22/2025
HOME OF THE FAMOUS WINERY TRAIN TOUR OF SAN DIEGO,11/12/2025
HOME OF THE FAMOUS WINERY TRAIN TOUR OF SAN DIEGO,11/13/2025
PROPER NYE/NYD,12/31/2025
PROPER NYE/NYD,1/1/2026
San Diego Craft Brewery Tour,12/20/2025
San Diego Craft Brewery Tour,12/21/2025
SoCal Taco Fest,8/17/2025
Taste of Coronado,10/9/2025
Old Town Ghost Hunt & Paranormal Investigation,12/20/2025
Old Town Ghost Hunt & Paranormal Investigation,12/21/2025
Nightmare on Normal Street,10/26/2025
Cali Dreaming Tour of La Jolla & Pacific Beach,4/11/2025
Cali Dreaming Tour of La Jolla & Pacific Beach,4/12/2025
Adams Avenue Street Fair,9/21/2025
Adams Avenue Street Fair,9/22/2025
Taste of Adams Avenue,6/30/2025
Book your Holiday Party on a 60' Luxury Catamaran,11/7/2025
Book your Holiday Party on a 60' Luxury Catamaran,11/8/2025
Book your Holiday Party on a 60' Luxury Catamaran,11/9/2025
Book your Holiday Party on a 60' Luxury Catamaran,11/10/2025
Book your Holiday Party on a 60' Luxury Catamaran,11/11/2025
Book your Holiday Party on a 60' Luxury Catamaran,11/12/2025
Book your Holiday Party on a 60' Luxury Catamaran,11/13/2025
Book your Holiday Party on a 60' Luxury Catamaran,11/14/2025
Book your Holiday Party on a 60' Luxury Catamaran,11/15/2025
Book your Holiday Party on a 60' Luxury Catamaran,11/16/2025
Book your Holiday Party on a 60' Luxury Catamaran,11/17/2025
Book your Holiday Party on a 60' Luxury Catamaran,11/18/2025
Book your Holiday Party on a 60' Luxury Catamaran,11/19/2025
Book your Holiday Party on a 60' Luxury Catamaran,11/20/2025
Book your Holiday Party on a 60' Luxury Catamaran,11/21/2025
Book your Holiday Party on a 60' Luxury Catamaran,11/22/2025
Book your Holiday Party on a 60' Luxury Catamaran,11/23/2025
Book your Holiday Party on a 60' Luxury Catamaran,11/24/2025
Book your Holiday Party on a 60' Luxury Catamaran,11/25/2025
Book your Holiday Party on a 60' Luxury Catamaran,11/26/2025
Book your Holiday Party on a 60' Luxury Catamaran,11/27/2025
Book your Holiday Party on a 60' Luxury Catamaran,11/28/2025
Book your Holiday Party on a 60' Luxury Catamaran,11/29/2025
Book your Holiday Party on a 60' Luxury Catamaran,11/30/2025
Book your Holiday Party on a 60' Luxury Catamaran,12/1/2025
Book your Holiday Party on a 60' Luxury Catamaran,12/2/2025
Book your Holiday Party on a 60' Luxury Catamaran,12/3/2025
Book your Holiday Party on a 60' Luxury Catamaran,12/4/2025
Book your Holiday Party on a 60' Luxury Catamaran,12/5/2025
Book your Holiday Party on a 60' Luxury Catamaran,12/6/2025
Book your Holiday Party on a 60' Luxury Catamaran,12/7/2025
Book your Holiday Party on a 60' Luxury Catamaran,12/8/2025
Book your Holiday Party on a 60' Luxury Catamaran,12/9/2025
Book your Holiday Party on a 60' Luxury Catamaran,12/10/2025
Book your Holiday Party on a 60' Luxury Catamaran,12/11/2025
Book your Holiday Party on a 60' Luxury Catamaran,12/12/2025
Book your Holiday Party on a 60' Luxury Catamaran,12/13/2025
Book your Holiday Party on a 60' Luxury Catamaran,12/14/2025
Book your Holiday Party on a 60' Luxury Catamaran,12/15/2025
Book your Holiday Party on a 60' Luxury Catamaran,12/16/2025
Book your Holiday Party on a 60' Luxury Catamaran,12/17/2025
Book your Holiday Party on a 60' Luxury Catamaran,12/18/2025
Book your Holiday Party on a 60' Luxury Catamaran,12/19/2025
Book your Holiday Party on a 60' Luxury Catamaran,12/20/2025
Book your Holiday Party on a 60' Luxury Catamaran,12/21/2025
Book your Holiday Party on a 60' Luxury Catamaran,12/22/2025
Book your Holiday Party on a 60' Luxury Catamaran,12/23/2025
South Bay 24 Hour & South Bay Mini,8/17/2025
Old Town San Diego Fiestas Patrias,9/14/2025
San Diego Awesome '80s Run 5K & 10K,7/14/2025
San Diego Filipino Film Festival,10/1/2025
San Diego Filipino Film Festival,10/2/2025
San Diego Filipino Film Festival,10/3/2025
San Diego Filipino Film Festival,10/4/2025
San Diego Filipino Film Festival,10/5/2025
San Diego Filipino Film Festival,10/6/2025
Coastal Electric Bike Food Tour,8/5/2025
Coastal Electric Bike Food Tour,8/6/2025
Ocean Beach Kite Festival,5/18/2025
Oceanside Harbor Parade of Lights,12/14/2025
Escondido Grand Avenue Festival,10/20/2025
"Red, White & Boom",7/4/2025
Santee Salutes - Fourth of July Celebration,7/4/2025
59 Acres,7/8/2025
59 Acres,7/9/2025
Cardiff Greek Festival,9/7/2025
Cardiff Greek Festival,9/8/2025
Giro di San Diego GranFondo,6/8/2025
Oktoberfest in El Cajon,9/27/2025
Oktoberfest in El Cajon,9/28/2025
Oktoberfest in El Cajon,9/29/2025
Oktoberfest in El Cajon,9/30/2025
Oktoberfest in El Cajon,10/1/2025
Oktoberfest in El Cajon,10/2/2025
Oktoberfest in El Cajon,10/3/2025
Oktoberfest in El Cajon,10/4/2025
Oktoberfest in El Cajon,10/5/2025
Oktoberfest in El Cajon,10/6/2025
2025 Dia de los Muertos San Diego,11/2/2025
2025 Dia de los Muertos San Diego,11/3/2025
Coastal Christmas Del Mar,12/13/2025
Coastal Christmas Del Mar,12/14/2025
Coastal Christmas Del Mar,12/15/2025
Coastal Christmas Del Mar,12/16/2025
Coastal Christmas Del Mar,12/17/2025
Coastal Christmas Del Mar,12/18/2025
Coastal Christmas Del Mar,12/19/2025
Coastal Christmas Del Mar,12/20/2025
Coastal Christmas Del Mar,12/21/2025
Coastal Christmas Del Mar,12/22/2025
Coastal Christmas Del Mar,12/23/2025
Coastal Christmas Del Mar,12/24/2025
Coastal Christmas Del Mar,12/25/2025
Coastal Christmas Del Mar,12/26/2025
Ken Whalen Surf Challenge,9/8/2025
San Diego Wooden Boat Festival,6/15/2025
San Diego Wooden Boat Festival,6/16/2025
TGIF Concerts in the Park,6/21/2025
TGIF Concerts in the Park,6/22/2025
TGIF Concerts in the Park,6/23/2025
TGIF Concerts in the Park,6/24/2025
TGIF Concerts in the Park,6/25/2025
TGIF Concerts in the Park,6/26/2025
TGIF Concerts in the Park,6/27/2025
TGIF Concerts in the Park,6/28/2025
TGIF Concerts in the Park,6/29/2025
TGIF Concerts in the Park,6/30/2025
TGIF Concerts in the Park,7/1/2025
TGIF Concerts in the Park,7/2/2025
TGIF Concerts in the Park,7/3/2025
TGIF Concerts in the Park,7/4/2025
TGIF Concerts in the Park,7/5/2025
TGIF Concerts in the Park,7/6/2025
TGIF Concerts in the Park,7/7/2025
TGIF Concerts in the Park,7/8/2025
TGIF Concerts in the Park,7/9/2025
TGIF Concerts in the Park,7/10/2025
TGIF Concerts in the Park,7/11/2025
TGIF Concerts in the Park,7/12/2025
TGIF Concerts in the Park,7/13/2025
TGIF Concerts in the Park,7/14/2025
TGIF Concerts in the Park,7/15/2025
TGIF Concerts in the Park,7/16/2025
TGIF Concerts in the Park,7/17/2025
TGIF Concerts in the Park,7/18/2025
TGIF Concerts in the Park,7/19/2025
TGIF Concerts in the Park,7/20/2025
TGIF Concerts in the Park,7/21/2025
TGIF Concerts in the Park,7/22/2025
TGIF Concerts in the Park,7/23/2025
TGIF Concerts in the Park,7/24/2025
TGIF Concerts in the Park,7/25/2025
TGIF Concerts in the Park,7/26/2025
TGIF Concerts in the Park,7/27/2025
TGIF Concerts in the Park,7/28/2025
TGIF Concerts in the Park,7/29/2025
TGIF Concerts in the Park,7/30/2025
TGIF Concerts in the Park,7/31/2025
TGIF Concerts in the Park,8/1/2025
TGIF Concerts in the Park,8/2/2025
TGIF Concerts in the Park,8/3/2025
TGIF Concerts in the Park,8/4/2025
TGIF Concerts in the Park,8/5/2025
TGIF Concerts in the Park,8/6/2025
TGIF Concerts in the Park,8/7/2025
TGIF Concerts in the Park,8/8/2025
TGIF Concerts in the Park,8/9/2025
TGIF Concerts in the Park,8/10/2025
TGIF Concerts in the Park,8/11/2025
TGIF Concerts in the Park,8/12/2025
TGIF Concerts in the Park,8/13/2025
TGIF Concerts in the Park,8/14/2025
TGIF Concerts in the Park,8/15/2025
TGIF Concerts in the Park,8/16/2025
EŌS Fitness Tour De Cove,11/3/2025
Step-On Guide Services,8/19/2025
Step-On Guide Services,8/20/2025
Nissan Super Girl Surf Pro,9/20/2025
Nissan Super Girl Surf Pro,9/21/2025
Nissan Super Girl Surf Pro,9/22/2025
MCRD San Diego Bootcamp Challenge,10/19/2025
4th of July Run & Ride,7/4/2025
Bikes & Beer San Diego,11/16/2025
Makers Arcade Holiday Fair,12/6/2025
Makers Arcade Holiday Fair,12/7/2025
Makers Arcade Holiday Fair,12/8/2025
18th Annual LeucadiART Walk,8/25/2025
Mission Bayfest,9/27/2025
Mission Bayfest,9/28/2025
Mission Bayfest,9/29/2025
Old Town Fourth of July,7/4/2025
Annual Encinitas Dia de los Muertos Celebration,10/27/2025
Haunted Bus Tour: San Diego's Spooky Sites,12/20/2025
Haunted Bus Tour: San Diego's Spooky Sites,12/21/2025
The Haunted Trail of Balboa Park,9/27/2025
The Haunted Trail of Balboa Park,9/28/2025
The Haunted Trail of Balboa Park,9/29/2025
The Haunted Trail of Balboa Park,9/30/2025
The Haunted Trail of Balboa Park,10/1/2025
The Haunted Trail of Balboa Park,10/2/2025
The Haunted Trail of Balboa Park,10/3/2025
The Haunted Trail of Balboa Park,10/4/2025
The Haunted Trail of Balboa Park,10/5/2025
The Haunted Trail of Balboa Park,10/6/2025
The Haunted Trail of Balboa Park,10/7/2025
The Haunted Trail of Balboa Park,10/8/2025
The Haunted Trail of Balboa Park,10/9/2025
The Haunted Trail of Balboa Park,10/10/2025
The Haunted Trail of Balboa Park,10/11/2025
The Haunted Trail of Balboa Park,10/12/2025
The Haunted Trail of Balboa Park,10/13/2025
The Haunted Trail of Balboa Park,10/14/2025
The Haunted Trail of Balboa Park,10/15/2025
The Haunted Trail of Balboa Park,10/16/2025
The Haunted Trail of Balboa Park,10/17/2025
The Haunted Trail of Balboa Park,10/18/2025
The Haunted Trail of Balboa Park,10/19/2025
The Haunted Trail of Balboa Park,10/20/2025
The Haunted Trail of Balboa Park,10/21/2025
The Haunted Trail of Balboa Park,10/22/2025
The Haunted Trail of Balboa Park,10/23/2025
The Haunted Trail of Balboa Park,10/24/2025
The Haunted Trail of Balboa Park,10/25/2025
The Haunted Trail of Balboa Park,10/26/2025
The Haunted Trail of Balboa Park,10/27/2025
The Haunted Trail of Balboa Park,10/28/2025
The Haunted Trail of Balboa Park,10/29/2025
The Haunted Trail of Balboa Park,10/30/2025
The Haunted Trail of Balboa Park,10/31/2025
La Jolla Christmas Parade & Holiday Festival,12/8/2025
Oceanside Dia de los Muertos Festival,10/27/2025
Buffalo Alley 10K Trail Run,9/28/2025
Solento Surf Festival,9/14/2025
Solento Surf Festival,9/15/2025
Solento Surf Festival,9/16/2025
Solento Surf Festival,9/17/2025
Solento Surf Festival,9/18/2025
Solento Surf Festival,9/19/2025
Solento Surf Festival,9/20/2025
Solento Surf Festival,9/21/2025
San Diego Spirits Festival,10/19/2025
San Diego Spirits Festival,10/20/2025
26th Annual Barrio Logan Grand Prix ,6/15/2025
Coronado Rotary Club Low Tide Ride & Stride,6/23/2025
Summer Movies in the Park,5/24/2025
Summer Movies in the Park,5/25/2025
El Cajon Dinner and a Concert,5/3/2025
El Cajon Dinner and a Concert,5/4/2025
Bubble RUN San Diego,10/12/2025
Encinitas Oktoberfest & Artisan Faire,9/29/2025
Big Night San Diego New Year's Eve Gala,12/31/2025
Grand Baja Tour,12/20/2025
Grand Baja Tour,12/21/2025
Barrio Logan Dia de los Muertos,10/27/2025
Father Joe's Villages Thanksgiving Day 5K Run & Walk,11/28/2025
Marine Corps Mud Run Camp Pendleton,6/1/2025
Poway's Christmas in the Park,12/13/2025
Poway's Christmas in the Park,12/14/2025
Ocean Beach Oktoberfest,10/11/2025
Ocean Beach Oktoberfest,10/12/2025
2025 USA Surfing Championships,6/11/2025
2025 USA Surfing Championships,6/12/2025
2025 USA Surfing Championships,6/13/2025
2025 USA Surfing Championships,6/14/2025
2025 USA Surfing Championships,6/15/2025
Santee Summer Concert Series,6/13/2025
Santee Summer Concert Series,6/14/2025
Santee Summer Concert Series,6/15/2025
Santee Summer Concert Series,6/16/2025
Santee Summer Concert Series,6/17/2025
Santee Summer Concert Series,6/18/2025
Santee Summer Concert Series,6/19/2025
Santee Summer Concert Series,6/20/2025
Santee Summer Concert Series,6/21/2025
Santee Summer Concert Series,6/22/2025
Santee Summer Concert Series,6/23/2025
Santee Summer Concert Series,6/24/2025
Santee Summer Concert Series,6/25/2025
Santee Summer Concert Series,6/26/2025
Santee Summer Concert Series,6/27/2025
Santee Summer Concert Series,6/28/2025
Santee Summer Concert Series,6/29/2025
Santee Summer Concert Series,6/30/2025
Santee Summer Concert Series,7/1/2025
Santee Summer Concert Series,7/2/2025
Santee Summer Concert Series,7/3/2025
Santee Summer Concert Series,7/4/2025
Santee Summer Concert Series,7/5/2025
Santee Summer Concert Series,7/6/2025
Santee Summer Concert Series,7/7/2025
Santee Summer Concert Series,7/8/2025
Santee Summer Concert Series,7/9/2025
Santee Summer Concert Series,7/10/2025
Santee Summer Concert Series,7/11/2025
Santee Summer Concert Series,7/12/2025
Santee Summer Concert Series,7/13/2025
Santee Summer Concert Series,7/14/2025
Santee Summer Concert Series,7/15/2025
Santee Summer Concert Series,7/16/2025
Santee Summer Concert Series,7/17/2025
Santee Summer Concert Series,7/18/2025
Santee Summer Concert Series,7/19/2025
Santee Summer Concert Series,7/20/2025
Santee Summer Concert Series,7/21/2025
Santee Summer Concert Series,7/22/2025
Santee Summer Concert Series,7/23/2025
Santee Summer Concert Series,7/24/2025
Santee Summer Concert Series,7/25/2025
Santee Summer Concert Series,7/26/2025
Santee Summer Concert Series,7/27/2025
Santee Summer Concert Series,7/28/2025
Santee Summer Concert Series,7/29/2025
Santee Summer Concert Series,7/30/2025
Santee Summer Concert Series,7/31/2025
Santee Summer Concert Series,8/1/2025
Santee Summer Concert Series,8/2/2025
Santee Summer Concert Series,8/3/2025
Santee Summer Concert Series,8/4/2025
Santee Summer Concert Series,8/5/2025
Santee Summer Concert Series,8/6/2025
Santee Summer Concert Series,8/7/2025
Santee Summer Concert Series,8/8/2025
Santee Summer Concert Series,8/9/2025
Santee Summer Concert Series,8/10/2025
Santee Summer Concert Series,8/11/2025
Santee Summer Concert Series,8/12/2025
Santee Summer Concert Series,8/13/2025
Santee Summer Concert Series,8/14/2025
Santee Summer Concert Series,8/15/2025
Dirty December Poker Run,12/15/2025
City Heights Dia de los Muertos,11/2/2025
San Diego International Kids' Film Festival,8/23/2025
San Diego International Kids' Film Festival,8/24/2025
San Diego International Kids' Film Festival,8/25/2025
Mr. Jack O' Lanterns Pumpkin Patch,10/4/2025
Mr. Jack O' Lanterns Pumpkin Patch,10/5/2025
Mr. Jack O' Lanterns Pumpkin Patch,10/6/2025
Mr. Jack O' Lanterns Pumpkin Patch,10/7/2025
Mr. Jack O' Lanterns Pumpkin Patch,10/8/2025
Mr. Jack O' Lanterns Pumpkin Patch,10/9/2025
Mr. Jack O' Lanterns Pumpkin Patch,10/10/2025
Mr. Jack O' Lanterns Pumpkin Patch,10/11/2025
Mr. Jack O' Lanterns Pumpkin Patch,10/12/2025
Mr. Jack O' Lanterns Pumpkin Patch,10/13/2025
Mr. Jack O' Lanterns Pumpkin Patch,10/14/2025
Mr. Jack O' Lanterns Pumpkin Patch,10/15/2025
Mr. Jack O' Lanterns Pumpkin Patch,10/16/2025
Mr. Jack O' Lanterns Pumpkin Patch,10/17/2025
Mr. Jack O' Lanterns Pumpkin Patch,10/18/2025
Mr. Jack O' Lanterns Pumpkin Patch,10/19/2025
Mr. Jack O' Lanterns Pumpkin Patch,10/20/2025
Mr. Jack O' Lanterns Pumpkin Patch,10/21/2025
Mr. Jack O' Lanterns Pumpkin Patch,10/22/2025
Mr. Jack O' Lanterns Pumpkin Patch,10/23/2025
Mr. Jack O' Lanterns Pumpkin Patch,10/24/2025
Mr. Jack O' Lanterns Pumpkin Patch,10/25/2025
Mr. Jack O' Lanterns Pumpkin Patch,10/26/2025
Mr. Jack O' Lanterns Pumpkin Patch,10/27/2025
Mr. Jack O' Lanterns Pumpkin Patch,10/28/2025
Mr. Jack O' Lanterns Pumpkin Patch,10/29/2025
Mr. Jack O' Lanterns Pumpkin Patch,10/30/2025
Mr. Jack O' Lanterns Pumpkin Patch,10/31/2025
Kuumba Festival ,6/28/2025
Kuumba Festival ,6/29/2025
Kuumba Festival ,6/30/2025
Scripps Ranch 4th of July Parade,7/4/2025
San Diego Veteran's Day Parade,11/11/2025
Ride the Point Memorial Charity Bicycle Ride,11/9/2025
Half Day Electric Bike Tour,8/7/2025
Half Day Electric Bike Tour,8/8/2025
Hillcrest Pride,7/19/2025
University of San Diego Wine Classic,7/13/2025
Sherman Heights Dia de los Muertos,10/10/2025
Sherman Heights Dia de los Muertos,10/11/2025
Sherman Heights Dia de los Muertos,10/12/2025
Sherman Heights Dia de los Muertos,10/13/2025
Sherman Heights Dia de los Muertos,10/14/2025
Sherman Heights Dia de los Muertos,10/15/2025
Sherman Heights Dia de los Muertos,10/16/2025
Sherman Heights Dia de los Muertos,10/17/2025
Sherman Heights Dia de los Muertos,10/18/2025
Sherman Heights Dia de los Muertos,10/19/2025
Sherman Heights Dia de los Muertos,10/20/2025
Sherman Heights Dia de los Muertos,10/21/2025
Sherman Heights Dia de los Muertos,10/22/2025
Sherman Heights Dia de los Muertos,10/23/2025
Sherman Heights Dia de los Muertos,10/24/2025
Sherman Heights Dia de los Muertos,10/25/2025
Sherman Heights Dia de los Muertos,10/26/2025
Sherman Heights Dia de los Muertos,10/27/2025
Sherman Heights Dia de los Muertos,10/28/2025
Sherman Heights Dia de los Muertos,10/29/2025
Sherman Heights Dia de los Muertos,10/30/2025
Sherman Heights Dia de los Muertos,10/31/2025
Sherman Heights Dia de los Muertos,11/1/2025
Sherman Heights Dia de los Muertos,11/2/2025
Pupologie Cardiff Dog Days of Summer,7/21/2025
Pupologie Cardiff Dog Days of Summer,7/22/2025
Yoga on the Roof,9/23/2025
Yoga on the Roof,9/24/2025
Pacific BeachFest,10/5/2025
Nat Diego ,6/28/2025
Nat Diego ,6/29/2025
Valle de Guadalupe Wine Tour,12/20/2025
Valle de Guadalupe Wine Tour,12/21/2025
San Diego Bay Parade of Lights,12/8/2025
San Diego Bay Parade of Lights,12/9/2025
San Diego Bay Parade of Lights,12/10/2025
San Diego Bay Parade of Lights,12/11/2025
San Diego Bay Parade of Lights,12/12/2025
San Diego Bay Parade of Lights,12/13/2025
San Diego Bay Parade of Lights,12/14/2025
San Diego Bay Parade of Lights,12/15/2025
Senior Monday,4/8/2025
Senior Monday,4/9/2025
Black Pride,7/5/2025
Black Pride,7/6/2025
Black Pride,7/7/2025
Full Day Electric Bike Tour,8/7/2025
Full Day Electric Bike Tour,8/8/2025
USTA Billie Jean King Girls,8/3/2025
USTA Billie Jean King Girls,8/4/2025
USTA Billie Jean King Girls,8/5/2025
USTA Billie Jean King Girls,8/6/2025
USTA Billie Jean King Girls,8/7/2025
USTA Billie Jean King Girls,8/8/2025
USTA Billie Jean King Girls,8/9/2025
USTA Billie Jean King Girls,8/10/2025
USTA Billie Jean King Girls,8/11/2025
Poway Rodeo,9/27/2025
Poway Rodeo,9/28/2025
Vino! Vino! - Little Italy Wine Tour,10/11/2025
Vino! Vino! - Little Italy Wine Tour,10/12/2025
San Diego Holiday Half Marathon,12/14/2025
Viejas Outlet Center Ice Rink,11/1/2025
Viejas Outlet Center Ice Rink,11/2/2025
Viejas Outlet Center Ice Rink,11/3/2025
Viejas Outlet Center Ice Rink,11/4/2025
Viejas Outlet Center Ice Rink,11/5/2025
Viejas Outlet Center Ice Rink,11/6/2025
Viejas Outlet Center Ice Rink,11/7/2025
Viejas Outlet Center Ice Rink,11/8/2025
Viejas Outlet Center Ice Rink,11/9/2025
Viejas Outlet Center Ice Rink,11/10/2025
Viejas Outlet Center Ice Rink,11/11/2025
Viejas Outlet Center Ice Rink,11/12/2025
Viejas Outlet Center Ice Rink,11/13/2025
Viejas Outlet Center Ice Rink,11/14/2025
Viejas Outlet Center Ice Rink,11/15/2025
Viejas Outlet Center Ice Rink,11/16/2025
Viejas Outlet Center Ice Rink,11/17/2025
Viejas Outlet Center Ice Rink,11/18/2025
Viejas Outlet Center Ice Rink,11/19/2025
Viejas Outlet Center Ice Rink,11/20/2025
Viejas Outlet Center Ice Rink,11/21/2025
Viejas Outlet Center Ice Rink,11/22/2025
Viejas Outlet Center Ice Rink,11/23/2025
Viejas Outlet Center Ice Rink,11/24/2025
Viejas Outlet Center Ice Rink,11/25/2025
Viejas Outlet Center Ice Rink,11/26/2025
Viejas Outlet Center Ice Rink,11/27/2025
Viejas Outlet Center Ice Rink,11/28/2025
Viejas Outlet Center Ice Rink,11/29/2025
Viejas Outlet Center Ice Rink,11/30/2025
Viejas Outlet Center Ice Rink,12/1/2025
Viejas Outlet Center Ice Rink,12/2/2025
Viejas Outlet Center Ice Rink,12/3/2025
Viejas Outlet Center Ice Rink,12/4/2025
Viejas Outlet Center Ice Rink,12/5/2025
Viejas Outlet Center Ice Rink,12/6/2025
Viejas Outlet Center Ice Rink,12/7/2025
Viejas Outlet Center Ice Rink,12/8/2025
Viejas Outlet Center Ice Rink,12/9/2025
Viejas Outlet Center Ice Rink,12/10/2025
Viejas Outlet Center Ice Rink,12/11/2025
Viejas Outlet Center Ice Rink,12/12/2025
Viejas Outlet Center Ice Rink,12/13/2025
Viejas Outlet Center Ice Rink,12/14/2025
Viejas Outlet Center Ice Rink,12/15/2025
Viejas Outlet Center Ice Rink,12/16/2025
Viejas Outlet Center Ice Rink,12/17/2025
Viejas Outlet Center Ice Rink,12/18/2025
Viejas Outlet Center Ice Rink,12/19/2025
Viejas Outlet Center Ice Rink,12/20/2025
Viejas Outlet Center Ice Rink,12/21/2025
Viejas Outlet Center Ice Rink,12/22/2025
Viejas Outlet Center Ice Rink,12/23/2025
Viejas Outlet Center Ice Rink,12/24/2025
Viejas Outlet Center Ice Rink,12/25/2025
Viejas Outlet Center Ice Rink,12/26/2025
Viejas Outlet Center Ice Rink,12/27/2025
Viejas Outlet Center Ice Rink,12/28/2025
Viejas Outlet Center Ice Rink,12/29/2025
Viejas Outlet Center Ice Rink,12/30/2025
Viejas Outlet Center Ice Rink,12/31/2025
Viejas Outlet Center Ice Rink,1/1/2026
Viejas Outlet Center Ice Rink,1/2/2026
Viejas Outlet Center Ice Rink,1/3/2026
Viejas Outlet Center Ice Rink,1/4/2026
Viejas Outlet Center Ice Rink,1/5/2026
FilmOut San Diego LGBT Film Festival,9/12/2025
FilmOut San Diego LGBT Film Festival,9/13/2025
FilmOut San Diego LGBT Film Festival,9/14/2025
FilmOut San Diego LGBT Film Festival,9/15/2025
Red Nose Run,12/14/2025
SoCal Riviera Tour of La Jolla & Mount Soledad,4/11/2025
SoCal Riviera Tour of La Jolla & Mount Soledad,4/12/2025
Private Chauffeured Vineyards Adventure,10/11/2025
Private Chauffeured Vineyards Adventure,10/12/2025
Beyond Van Gogh: The Immersive Experience,1/26/2025
Beyond Van Gogh: The Immersive Experience,1/27/2025
Beyond Van Gogh: The Immersive Experience,1/28/2025
Beyond Van Gogh: The Immersive Experience,1/29/2025
Beyond Van Gogh: The Immersive Experience,1/30/2025
Beyond Van Gogh: The Immersive Experience,1/31/2025
Beyond Van Gogh: The Immersive Experience,2/1/2025
Beyond Van Gogh: The Immersive Experience,2/2/2025
Beyond Van Gogh: The Immersive Experience,2/3/2025
Beyond Van Gogh: The Immersive Experience,2/4/2025
Beyond Van Gogh: The Immersive Experience,2/5/2025
Beyond Van Gogh: The Immersive Experience,2/6/2025
Beyond Van Gogh: The Immersive Experience,2/7/2025
Beyond Van Gogh: The Immersive Experience,2/8/2025
Beyond Van Gogh: The Immersive Experience,2/9/2025
Beyond Van Gogh: The Immersive Experience,2/10/2025
Beyond Van Gogh: The Immersive Experience,2/11/2025
Beyond Van Gogh: The Immersive Experience,2/12/2025
Beyond Van Gogh: The Immersive Experience,2/13/2025
Beyond Van Gogh: The Immersive Experience,2/14/2025
Beyond Van Gogh: The Immersive Experience,2/15/2025
Beyond Van Gogh: The Immersive Experience,2/16/2025
Beyond Van Gogh: The Immersive Experience,2/17/2025
Beyond Van Gogh: The Immersive Experience,2/18/2025
Beyond Van Gogh: The Immersive Experience,2/19/2025
Beyond Van Gogh: The Immersive Experience,2/20/2025
Beyond Van Gogh: The Immersive Experience,2/21/2025
Beyond Van Gogh: The Immersive Experience,2/22/2025
Beyond Van Gogh: The Immersive Experience,2/23/2025
Beyond Van Gogh: The Immersive Experience,2/24/2025
Beyond Van Gogh: The Immersive Experience,2/25/2025
Beyond Van Gogh: The Immersive Experience,2/26/2025
Beyond Van Gogh: The Immersive Experience,2/27/2025
Beyond Van Gogh: The Immersive Experience,2/28/2025
Beyond Van Gogh: The Immersive Experience,2/29/2025
Beyond Van Gogh: The Immersive Experience,3/1/2025
Beyond Van Gogh: The Immersive Experience,3/2/2025
Beyond Van Gogh: The Immersive Experience,3/3/2025
Beyond Van Gogh: The Immersive Experience,3/4/2025
Beyond Van Gogh: The Immersive Experience,3/5/2025
Beyond Van Gogh: The Immersive Experience,3/6/2025
Beyond Van Gogh: The Immersive Experience,3/7/2025
Beyond Van Gogh: The Immersive Experience,3/8/2025
Beyond Van Gogh: The Immersive Experience,3/9/2025
Beyond Van Gogh: The Immersive Experience,3/10/2025
Beyond Van Gogh: The Immersive Experience,3/11/2025
Beyond Van Gogh: The Immersive Experience,3/12/2025
Beyond Van Gogh: The Immersive Experience,3/13/2025
Beyond Van Gogh: The Immersive Experience,3/14/2025
Beyond Van Gogh: The Immersive Experience,3/15/2025
Beyond Van Gogh: The Immersive Experience,3/16/2025
Beyond Van Gogh: The Immersive Experience,3/17/2025
Beyond Van Gogh: The Immersive Experience,3/18/2025
Beyond Van Gogh: The Immersive Experience,3/19/2025
Beyond Van Gogh: The Immersive Experience,3/20/2025
Beyond Van Gogh: The Immersive Experience,3/21/2025
Beyond Van Gogh: The Immersive Experience,3/22/2025
Beyond Van Gogh: The Immersive Experience,3/23/2025
Beyond Van Gogh: The Immersive Experience,3/24/2025
Beyond Van Gogh: The Immersive Experience,3/25/2025
Beyond Van Gogh: The Immersive Experience,3/26/2025
Beyond Van Gogh: The Immersive Experience,3/27/2025
Beyond Van Gogh: The Immersive Experience,3/28/2025
Beyond Van Gogh: The Immersive Experience,3/29/2025
Beyond Van Gogh: The Immersive Experience,3/30/2025
Beyond Van Gogh: The Immersive Experience,3/31/2025
Beyond Van Gogh: The Immersive Experience,4/1/2025
Beyond Van Gogh: The Immersive Experience,4/2/2025
Beyond Van Gogh: The Immersive Experience,4/3/2025
Beyond Van Gogh: The Immersive Experience,4/4/2025
52nd Annual Barona Powwow,8/30/2025
52nd Annual Barona Powwow,8/31/2025
52nd Annual Barona Powwow,9/1/2025
Ramona Rodeo,8/22/2025
Ramona Rodeo,8/23/2025
Ramona Rodeo,8/24/2025
San Diego Tequila Tour,9/30/2025
San Diego Tequila Tour,10/1/2025
Cornhole Sundays,8/19/2025
Cornhole Sundays,8/20/2025
Wild San Diego Film,11/22/2025
Wild San Diego Film,11/23/2025
Tiki Oasis - Trip to the Tropics ,7/31/2025
Tiki Oasis - Trip to the Tropics ,8/1/2025
Tiki Oasis - Trip to the Tropics ,8/2/2025
Tiki Oasis - Trip to the Tropics ,8/3/2025
Tiki Oasis - Trip to the Tropics ,8/4/2025
Oceanside Independence Day Parade,6/29/2025
America's Finest City Half Marathon & 5k,8/18/2025
Escondido VetFest Parade and Festival,11/11/2025
The Haunted Amusement Park,9/27/2025
The Haunted Amusement Park,9/28/2025
The Haunted Amusement Park,9/29/2025
The Haunted Amusement Park,9/30/2025
The Haunted Amusement Park,10/1/2025
The Haunted Amusement Park,10/2/2025
The Haunted Amusement Park,10/3/2025
The Haunted Amusement Park,10/4/2025
The Haunted Amusement Park,10/5/2025
The Haunted Amusement Park,10/6/2025
The Haunted Amusement Park,10/7/2025
The Haunted Amusement Park,10/8/2025
The Haunted Amusement Park,10/9/2025
The Haunted Amusement Park,10/10/2025
The Haunted Amusement Park,10/11/2025
The Haunted Amusement Park,10/12/2025
The Haunted Amusement Park,10/13/2025
The Haunted Amusement Park,10/14/2025
The Haunted Amusement Park,10/15/2025
The Haunted Amusement Park,10/16/2025
The Haunted Amusement Park,10/17/2025
The Haunted Amusement Park,10/18/2025
The Haunted Amusement Park,10/19/2025
The Haunted Amusement Park,10/20/2025
The Haunted Amusement Park,10/21/2025
The Haunted Amusement Park,10/22/2025
The Haunted Amusement Park,10/23/2025
The Haunted Amusement Park,10/24/2025
The Haunted Amusement Park,10/25/2025
The Haunted Amusement Park,10/26/2025
The Haunted Amusement Park,10/27/2025
The Haunted Amusement Park,10/28/2025
The Haunted Amusement Park,10/29/2025
The Haunted Amusement Park,10/30/2025
The Haunted Amusement Park,10/31/2025
Crown City Classic 4th of July Race,7/4/2025
HauntFest on Main,10/25/2025
SoNo Fest & Chili Cook-Off ,12/8/2025
Annual Fiesta de los Peñasquitos,5/11/2025
La Jolla Music Society SummerFest,7/26/2025
La Jolla Music Society SummerFest,7/27/2025
La Jolla Music Society SummerFest,7/28/2025
La Jolla Music Society SummerFest,7/29/2025
La Jolla Music Society SummerFest,7/30/2025
La Jolla Music Society SummerFest,7/31/2025
La Jolla Music Society SummerFest,8/1/2025
La Jolla Music Society SummerFest,8/2/2025
La Jolla Music Society SummerFest,8/3/2025
La Jolla Music Society SummerFest,8/4/2025
La Jolla Music Society SummerFest,8/5/2025
La Jolla Music Society SummerFest,8/6/2025
La Jolla Music Society SummerFest,8/7/2025
La Jolla Music Society SummerFest,8/8/2025
La Jolla Music Society SummerFest,8/9/2025
La Jolla Music Society SummerFest,8/10/2025
La Jolla Music Society SummerFest,8/11/2025
La Jolla Music Society SummerFest,8/12/2025
La Jolla Music Society SummerFest,8/13/2025
La Jolla Music Society SummerFest,8/14/2025
La Jolla Music Society SummerFest,8/15/2025
La Jolla Music Society SummerFest,8/16/2025
La Jolla Music Society SummerFest,8/17/2025
La Jolla Music Society SummerFest,8/18/2025
La Jolla Music Society SummerFest,8/19/2025
La Jolla Music Society SummerFest,8/20/2025
La Jolla Music Society SummerFest,8/21/2025
La Jolla Music Society SummerFest,8/22/2025
La Jolla Music Society SummerFest,8/23/2025
La Jolla Music Society SummerFest,8/24/2025
San Diego Tijuana International Jazz Festival,10/4/2025
San Diego Tijuana International Jazz Festival,10/5/2025
San Diego Tijuana International Jazz Festival,10/6/2025
Scripps Mesa Fireworks,7/3/2025
"Pizza, Pasta and Piazzas - Little Italy Food Tour",10/22/2025
"Pizza, Pasta and Piazzas - Little Italy Food Tour",10/23/2025
Las Posadas: An Old Town Celebration,12/13/2025
Solana Beach Triathlon,7/28/2025
Surftoberfest,9/21/2025
Gaslamp Haunted Walking Tour: Go Inside!,12/26/2025
Gaslamp Haunted Walking Tour: Go Inside!,12/27/2025
San Diego EarthFest,4/20/2025
Skating by the Sea®,11/21/2025
Skating by the Sea®,11/22/2025
Skating by the Sea®,11/23/2025
Skating by the Sea®,11/24/2025
Skating by the Sea®,11/25/2025
Skating by the Sea®,11/26/2025
Skating by the Sea®,11/27/2025
Skating by the Sea®,11/28/2025
Skating by the Sea®,11/29/2025
Skating by the Sea®,11/30/2025
Skating by the Sea®,12/1/2025
Skating by the Sea®,12/2/2025
Skating by the Sea®,12/3/2025
Skating by the Sea®,12/4/2025
Skating by the Sea®,12/5/2025
Skating by the Sea®,12/6/2025
Skating by the Sea®,12/7/2025
Skating by the Sea®,12/8/2025
Skating by the Sea®,12/9/2025
Skating by the Sea®,12/10/2025
Skating by the Sea®,12/11/2025
Skating by the Sea®,12/12/2025
Skating by the Sea®,12/13/2025
Skating by the Sea®,12/14/2025
Skating by the Sea®,12/15/2025
Skating by the Sea®,12/16/2025
Skating by the Sea®,12/17/2025
Skating by the Sea®,12/18/2025
Skating by the Sea®,12/19/2025
Skating by the Sea®,12/20/2025
Skating by the Sea®,12/21/2025
Skating by the Sea®,12/22/2025
Skating by the Sea®,12/23/2025
Skating by the Sea®,12/24/2025
Skating by the Sea®,12/25/2025
Skating by the Sea®,12/26/2025
Skating by the Sea®,12/27/2025
Skating by the Sea®,12/28/2025
Skating by the Sea®,12/29/2025
Skating by the Sea®,12/30/2025
Skating by the Sea®,12/31/2025
Skating by the Sea®,1/1/2026
Skating by the Sea®,1/2/2026
Skating by the Sea®,1/3/2026
Skating by the Sea®,1/4/2026
Skating by the Sea®,1/5/2026
Skating by the Sea®,1/6/2026
Skating by the Sea®,1/7/2026
Romantic Wine Tour - Available Year Round,10/8/2025
Romantic Wine Tour - Available Year Round,10/9/2025
"Sip, Savor and Sea - La Jolla Food Tour",10/11/2025
"Sip, Savor and Sea - La Jolla Food Tour",10/12/2025
Coronado 5K Turkey Trot,11/28/2025
Del Mar Summer Twilight Concerts,6/25/2025
Del Mar Summer Twilight Concerts,6/26/2025
Del Mar Summer Twilight Concerts,6/27/2025
Del Mar Summer Twilight Concerts,6/28/2025
Del Mar Summer Twilight Concerts,6/29/2025
Del Mar Summer Twilight Concerts,6/30/2025
Del Mar Summer Twilight Concerts,7/1/2025
Del Mar Summer Twilight Concerts,7/2/2025
Del Mar Summer Twilight Concerts,7/3/2025
Del Mar Summer Twilight Concerts,7/4/2025
Del Mar Summer Twilight Concerts,7/5/2025
Del Mar Summer Twilight Concerts,7/6/2025
Del Mar Summer Twilight Concerts,7/7/2025
Del Mar Summer Twilight Concerts,7/8/2025
Del Mar Summer Twilight Concerts,7/9/2025
Del Mar Summer Twilight Concerts,7/10/2025
Del Mar Summer Twilight Concerts,7/11/2025
Del Mar Summer Twilight Concerts,7/12/2025
Del Mar Summer Twilight Concerts,7/13/2025
Del Mar Summer Twilight Concerts,7/14/2025
Del Mar Summer Twilight Concerts,7/15/2025
Del Mar Summer Twilight Concerts,7/16/2025
Del Mar Summer Twilight Concerts,7/17/2025
Del Mar Summer Twilight Concerts,7/18/2025
Del Mar Summer Twilight Concerts,7/19/2025
Del Mar Summer Twilight Concerts,7/20/2025
Del Mar Summer Twilight Concerts,7/21/2025
Del Mar Summer Twilight Concerts,7/22/2025
Del Mar Summer Twilight Concerts,7/23/2025
Del Mar Summer Twilight Concerts,7/24/2025
Del Mar Summer Twilight Concerts,7/25/2025
Del Mar Summer Twilight Concerts,7/26/2025
Del Mar Summer Twilight Concerts,7/27/2025
Del Mar Summer Twilight Concerts,7/28/2025
Del Mar Summer Twilight Concerts,7/29/2025
Del Mar Summer Twilight Concerts,7/30/2025
Del Mar Summer Twilight Concerts,7/31/2025
Del Mar Summer Twilight Concerts,8/1/2025
Del Mar Summer Twilight Concerts,8/2/2025
Del Mar Summer Twilight Concerts,8/3/2025
Del Mar Summer Twilight Concerts,8/4/2025
Del Mar Summer Twilight Concerts,8/5/2025
Del Mar Summer Twilight Concerts,8/6/2025
Del Mar Summer Twilight Concerts,8/7/2025
Del Mar Summer Twilight Concerts,8/8/2025
Del Mar Summer Twilight Concerts,8/9/2025
Del Mar Summer Twilight Concerts,8/10/2025
Del Mar Summer Twilight Concerts,8/11/2025
Del Mar Summer Twilight Concerts,8/12/2025
Del Mar Summer Twilight Concerts,8/13/2025
La Jolla Art & Wine Festival,9/28/2025
La Jolla Art & Wine Festival,9/29/2025
Gaslamp Quarter History & Walking Tour,12/26/2025
Gaslamp Quarter History & Walking Tour,12/27/2025
Carlsbad Fall Village Faire,11/3/2025
Chefsgiving ,11/14/2025
Oceanside Fireworks Show,7/3/2025
More Than Pink Walk,11/3/2025
37th Annual XTERRA Wetsuits Mission Bay Triathlon,10/13/2025
Vista Independence Day Celebration,7/4/2025
Accessibility Mornings,4/20/2025
Accessibility Mornings,4/21/2025
New Year's Eve 2026 ,12/31/2025
Southern California Beach Soccer Championships,6/21/2025
Southern California Beach Soccer Championships,6/22/2025
Southern California Beach Soccer Championships,6/23/2025
"Tequila, Tacos, and Tombstones -Old Town Food Tour",10/22/2025
"Tequila, Tacos, and Tombstones -Old Town Food Tour",10/23/2025
Encinitas Holiday Street Fair,11/24/2025
Veterans Day Boat Parade,11/11/2025
Sundays at Six Concerts,6/23/2025
Sundays at Six Concerts,6/24/2025
Sundays at Six Concerts,6/25/2025
Sundays at Six Concerts,6/26/2025
Sundays at Six Concerts,6/27/2025
Sundays at Six Concerts,6/28/2025
Sundays at Six Concerts,6/29/2025
Sundays at Six Concerts,6/30/2025
Sundays at Six Concerts,7/1/2025
Sundays at Six Concerts,7/2/2025
Sundays at Six Concerts,7/3/2025
Sundays at Six Concerts,7/4/2025
Sundays at Six Concerts,7/5/2025
Sundays at Six Concerts,7/6/2025
Sundays at Six Concerts,7/7/2025
Sundays at Six Concerts,7/8/2025
Sundays at Six Concerts,7/9/2025
Sundays at Six Concerts,7/10/2025
Sundays at Six Concerts,7/11/2025
Sundays at Six Concerts,7/12/2025
Sundays at Six Concerts,7/13/2025
Sundays at Six Concerts,7/14/2025
Sundays at Six Concerts,7/15/2025
Sundays at Six Concerts,7/16/2025
Sundays at Six Concerts,7/17/2025
Sundays at Six Concerts,7/18/2025
Sundays at Six Concerts,7/19/2025
Sundays at Six Concerts,7/20/2025
Sundays at Six Concerts,7/21/2025
Sundays at Six Concerts,7/22/2025
Sundays at Six Concerts,7/23/2025
Sundays at Six Concerts,7/24/2025
Sundays at Six Concerts,7/25/2025
Sundays at Six Concerts,7/26/2025
Sundays at Six Concerts,7/27/2025
Sundays at Six Concerts,7/28/2025
Chula Vista Starlight Parade & Festival,12/14/2025
Surf Dog Surf-a-Thon,9/8/2025
Rancho BEERnardo Festival,10/19/2025
O'side Turkey Trot,11/28/2025
Lake Murray Fireworks and Musicfest,7/4/2025
Old Town History Tour: San Diego's Beginnings,12/20/2025
Old Town History Tour: San Diego's Beginnings,12/21/2025
Annual Festa do Espirito Santo,5/17/2025
Annual Festa do Espirito Santo,5/18/2025
Annual Festa do Espirito Santo,5/19/2025
Carlsbad Oktoberfest,10/5/2025
San Diego Greek Festival,6/8/2025
San Diego Greek Festival,6/9/2025
Joker Halloween Party Cruise,11/2/2025
University Heights Summer in the Park,7/5/2025
University Heights Summer in the Park,7/6/2025
University Heights Summer in the Park,7/7/2025
University Heights Summer in the Park,7/8/2025
University Heights Summer in the Park,7/9/2025
University Heights Summer in the Park,7/10/2025
University Heights Summer in the Park,7/11/2025
University Heights Summer in the Park,7/12/2025
University Heights Summer in the Park,7/13/2025
University Heights Summer in the Park,7/14/2025
University Heights Summer in the Park,7/15/2025
University Heights Summer in the Park,7/16/2025
University Heights Summer in the Park,7/17/2025
University Heights Summer in the Park,7/18/2025
University Heights Summer in the Park,7/19/2025
University Heights Summer in the Park,7/20/2025
University Heights Summer in the Park,7/21/2025
University Heights Summer in the Park,7/22/2025
University Heights Summer in the Park,7/23/2025
University Heights Summer in the Park,7/24/2025
University Heights Summer in the Park,7/25/2025
University Heights Summer in the Park,7/26/2025
University Heights Summer in the Park,7/27/2025
University Heights Summer in the Park,7/28/2025
University Heights Summer in the Park,7/29/2025
University Heights Summer in the Park,7/30/2025
University Heights Summer in the Park,7/31/2025
University Heights Summer in the Park,8/1/2025
University Heights Summer in the Park,8/2/2025
Black Pearl Halloween Yacht Party ,10/26/2025
La Mesa Oktoberfest,10/4/2025
La Mesa Oktoberfest,10/5/2025
La Mesa Oktoberfest,10/6/2025
Holiday in the Village,12/14/2025
Independence Day Fireworks in Imperial Beach,7/4/2025
Annual San Diego Scottish Highland Games,6/22/2025
Annual San Diego Scottish Highland Games,6/23/2025
Día de los Muertos at SeaWorld San Diego,11/1/2025
Día de los Muertos at SeaWorld San Diego,11/2/2025
Día de los Muertos at SeaWorld San Diego,11/3/2025
Velour: A Drag Spectacular at La Jolla Playhouse,8/13/2025
Velour: A Drag Spectacular at La Jolla Playhouse,8/14/2025
Velour: A Drag Spectacular at La Jolla Playhouse,8/15/2025
Velour: A Drag Spectacular at La Jolla Playhouse,8/16/2025
Velour: A Drag Spectacular at La Jolla Playhouse,8/17/2025
Velour: A Drag Spectacular at La Jolla Playhouse,8/18/2025
Velour: A Drag Spectacular at La Jolla Playhouse,8/19/2025
Velour: A Drag Spectacular at La Jolla Playhouse,8/20/2025
Velour: A Drag Spectacular at La Jolla Playhouse,8/21/2025
Velour: A Drag Spectacular at La Jolla Playhouse,8/22/2025
Velour: A Drag Spectacular at La Jolla Playhouse,8/23/2025
Velour: A Drag Spectacular at La Jolla Playhouse,8/24/2025
Velour: A Drag Spectacular at La Jolla Playhouse,8/25/2025
Velour: A Drag Spectacular at La Jolla Playhouse,8/26/2025
Velour: A Drag Spectacular at La Jolla Playhouse,8/27/2025
Velour: A Drag Spectacular at La Jolla Playhouse,8/28/2025
Velour: A Drag Spectacular at La Jolla Playhouse,8/29/2025
Velour: A Drag Spectacular at La Jolla Playhouse,8/30/2025
Velour: A Drag Spectacular at La Jolla Playhouse,8/31/2025
Velour: A Drag Spectacular at La Jolla Playhouse,9/1/2025
Velour: A Drag Spectacular at La Jolla Playhouse,9/2/2025
Velour: A Drag Spectacular at La Jolla Playhouse,9/3/2025
Velour: A Drag Spectacular at La Jolla Playhouse,9/4/2025
Velour: A Drag Spectacular at La Jolla Playhouse,9/5/2025
Velour: A Drag Spectacular at La Jolla Playhouse,9/6/2025
Velour: A Drag Spectacular at La Jolla Playhouse,9/7/2025
Velour: A Drag Spectacular at La Jolla Playhouse,9/8/2025
Velour: A Drag Spectacular at La Jolla Playhouse,9/9/2025
Velour: A Drag Spectacular at La Jolla Playhouse,9/10/2025
Velour: A Drag Spectacular at La Jolla Playhouse,9/11/2025
Velour: A Drag Spectacular at La Jolla Playhouse,9/12/2025
Velour: A Drag Spectacular at La Jolla Playhouse,9/13/2025
Velour: A Drag Spectacular at La Jolla Playhouse,9/14/2025
Velour: A Drag Spectacular at La Jolla Playhouse,9/15/2025
Nature Collective's Fall Festival,10/13/2025
